Timestamp,Open,High,Low,Close,Volume
1578009600000,6244.33,6607.39,6244.33,6581.57,2.541087
1578052800000,6552.79,6608.59,6494.83,6568.73,1.017893
1578096000000,6558.96,6586.27,6533.6,6539.78,0.142934
1578139200000,6570.63,6690.0,6520.12,6568.18,1.6867109999999998
1578182400000,6590.9,6699.28,6568.18,6655.44,1.234016
1578225600000,6659.09,6692.0,6583.4,6589.0,2.131329
1578268800000,6568.18,6780.0,6515.58,6750.0,4.501442
1578312000000,6750.0,6950.0,6500.0,6914.15,5.748741
1578355200000,6942.65,7135.43,6942.65,7079.89,5.233495
1578398400000,7070.42,7352.71,6900.0,7315.6,24.283906
1578441600000,7353.14,7552.26,7353.14,7433.17,3.39318
1578484800000,7465.81,7552.26,7079.19,7239.17,18.796978
1578528000000,7209.85,7209.85,7075.01,7075.01,2.016151
1578571200000,7105.28,7181.62,6983.08,7030.39,19.880789
1578614400000,7059.9,7059.9,6924.0,7040.0,1.56217
1578657600000,7102.9,7350.0,7088.89,7350.0,2.372782
1578700800000,7350.0,7398.82,7168.68,7221.08,4.409041
1578744000000,7228.26,7438.1,7225.27,7225.27,1.500801
1578787200000,7213.35,7312.54,7171.15,7276.99,0.5455209999999999
1578830400000,7286.61,7352.97,7251.15,7352.97,4.590052
1578873600000,7352.97,7352.97,7247.06,7271.4,1.2081439999999999
1578916800000,7257.69,7332.16,7250.6,7306.14,1.945109
1578960000000,7288.12,7678.46,7288.12,7664.01,5.952288
1579003200000,7664.01,7970.49,7543.98,7894.24,26.814885
1579046400000,7895.5,7989.59,7705.73,7840.0,12.761856
1579089600000,7840.0,7970.49,7763.64,7881.35,4.592001
1579132800000,7906.51,7917.05,7699.0,7800.0,4.260961
1579176000000,7800.33,7850.0,7725.74,7845.98,6.681149
1579219200000,7816.48,8064.16,7816.48,8004.0,6.058994
1579262400000,7989.53,8075.59,7904.29,8035.0,10.374336
1579305600000,8025.0,8073.44,7950.0,7966.22,5.466442
1579348800000,7994.87,8077.1,7968.7,8050.0,9.176555
1579392000000,8067.93,8271.43,7714.84,7795.05,21.637228
1579435200000,7819.9,7927.26,7673.53,7838.11,12.631991
1579478400000,7853.71,7853.72,7622.1,7788.2,17.017919
1579521600000,7753.06,7904.29,7250.6,7778.83,44.196038
1579564800000,7754.25,7843.97,7550.0,7783.67,30.35026
1579608000000,7745.4,7919.13,7637.0,7893.54,26.893982
1579651200000,7880.0,7920.0,7764.65,7774.0,2.136223
1579694400000,7787.92,7830.0,7734.63,7790.1,5.098009
1579737600000,7771.01,7794.14,7450.0,7588.68,6.09325
1579780800000,7568.1,7607.76,7440.98,7518.0,10.878844
1579824000000,7566.48,7593.2,7433.38,7573.74,5.447288
1579867200000,7607.76,7705.73,7584.5,7599.48,4.6260069999999995
1579910400000,7599.48,7599.48,7475.88,7538.71,2.858999
1579953600000,7507.3,7617.25,7505.22,7573.36,3.637061
1579996800000,7534.04,7700.0,7505.0,7657.99,2.767151
1580040000000,7632.7,7793.06,7632.0,7793.06,3.072846
1580083200000,7780.67,7900.0,7760.14,7900.0,2.8742419999999997
1580126400000,7904.3,8137.95,7838.11,8055.42,7.167552
1580169600000,8055.42,8270.0,8055.42,8228.45,8.959033999999999
1580212800000,8230.1,8503.0,8049.59,8498.23,11.395655
1580256000000,8518.09,8585.0,8392.79,8412.16,11.398379
1580299200000,8380.44,8550.7,8373.88,8438.07,6.865646
1580342400000,8424.04,8517.72,8301.13,8470.0,9.471168
1580385600000,8490.02,8669.55,8340.0,8598.0,19.455966
1580428800000,8618.47,8633.26,8412.0,8449.64,5.470253
1580472000000,8430.6,8461.75,8302.36,8411.38,8.400776
1580515200000,8425.26,8550.0,8394.65,8394.65,1.382994
1580558400000,8418.86,8469.9,8374.93,8466.33,1.8351169999999999
1580601600000,8458.46,8500.0,8262.01,8500.0,2.359184
1580644800000,8500.0,8546.5,8425.32,8429.12,6.45089
1580688000000,8399.73,8647.0,8350.0,8449.27,8.612119
1580731200000,8436.85,8462.52,8336.95,8407.48,6.364597
1580774400000,8411.62,8454.31,8197.3,8309.19,13.129042
1580817600000,8302.58,8346.0,8231.04,8304.62,3.552324
1580860800000,8322.97,8534.9,8271.19,8498.03,10.235036
1580904000000,8534.0,8928.86,8515.34,8739.96,18.082369
1580947200000,8753.44,8794.95,8652.25,8794.95,2.576383
1580990400000,8815.0,8947.55,8762.05,8865.47,10.421277
1581033600000,8883.18,8993.36,8859.99,8993.36,5.613398
1581076800000,8934.23,8964.12,8847.45,8947.0,4.461009
1581120000000,8931.97,8998.0,8836.0,8963.62,2.636723
1581163200000,8952.8,9100.0,8924.77,9044.88,3.80999
1581206400000,9050.22,9274.4,9036.35,9237.53,4.472721
1581249600000,9217.0,9284.0,9155.16,9244.0,4.7271909999999995
1581292800000,9265.3,9294.33,8875.0,8953.0,8.441433
1581336000000,8941.3,9087.65,8911.49,9031.31,8.065865
1581379200000,9010.83,9010.83,8900.0,8982.37,2.956475
1581422400000,8963.28,9475.0,8879.54,9364.75,24.71266
1581465600000,9424.06,9584.59,9287.15,9498.89,10.471243
1581508800000,9470.1,9597.35,9357.14,9478.0,16.18698
1581552000000,9497.98,9655.57,9231.06,9348.7,16.205295
1581595200000,9324.64,9682.5,9324.64,9430.51,24.869097
1581638400000,9410.51,9490.04,9238.63,9467.14,14.532176
1581681600000,9459.0,9586.16,9395.44,9550.7,13.183665
1581724800000,9552.0,9586.16,9419.33,9452.5,5.163034
1581768000000,9436.28,9492.39,9025.0,9139.48,24.176531
1581811200000,9100.0,9279.84,9016.0,9161.04,12.273869
1581854400000,9161.09,9250.0,8883.88,9161.25,26.094448
1581897600000,9129.29,9190.97,8838.37,8882.5,13.405887
1581940800000,8872.66,8979.41,8726.24,8924.14,28.223728
1581984000000,8939.41,9070.1,8891.81,8955.08,9.712518
1582027200000,8955.08,9500.0,8835.12,9431.53,14.754483
1582070400000,9426.61,9434.74,9300.0,9420.79,4.433008
1582113600000,9420.79,9520.0,8679.89,8892.56,20.361951
1582156800000,8920.0,8948.22,8780.08,8891.43,11.413007
1582200000000,8860.0,8994.23,8738.86,8918.84,24.867587
1582243200000,8891.81,9040.0,8848.22,9002.72,6.771593
1582286400000,9013.67,9049.65,8850.0,8927.52,10.122483
1582329600000,8925.63,8956.86,8836.25,8856.23,11.160002
1582372800000,8882.16,8950.0,8869.23,8938.69,1.562979
1582416000000,8914.87,9219.23,8914.87,9065.58,5.9565079999999995
1582459200000,9080.5,9234.76,9064.9,9207.92,10.479252
1582502400000,9200.13,9234.85,8900.0,9086.23,12.083784
1582545600000,9100.0,9100.0,8743.13,8890.79,12.451515
1582588800000,8854.58,8875.0,8765.0,8875.0,2.447131
1582632000000,8900.21,8923.31,8483.12,8570.92,28.911463
1582675200000,8605.13,8609.67,8315.89,8393.0,16.257144
1582718400000,8393.0,8521.91,7850.0,8071.09,45.242541
1582761600000,8056.25,8100.0,7843.0,8065.51,13.665026
1582804800000,8059.93,8381.01,7901.11,8000.0,25.929265
1582848000000,8013.08,8100.0,7705.67,7787.14,13.03315
1582891200000,7794.5,8008.78,7650.0,7897.0,30.565854
1582934400000,7919.38,8013.48,7833.4,7892.53,5.039691
1582977600000,7882.2,7930.01,7760.0,7760.0,14.537568
1583020800000,7748.25,7898.96,7724.05,7828.3,7.928784
1583064000000,7849.22,7929.95,7630.0,7707.54,19.560437
1583107200000,7707.54,7908.16,7693.25,7889.98,14.416483
1583150400000,7908.63,8073.76,7860.83,7966.68,35.170782
1583193600000,7966.68,8045.09,7857.07,7981.42,4.618909
1583236800000,8006.19,8055.0,7750.0,7854.32,9.128256
1583280000000,7875.19,7997.05,7794.15,7904.88,11.14571
1583323200000,7879.74,7979.43,7819.33,7918.26,15.728549
1583366400000,7926.22,8236.75,7908.76,8192.23,17.924862
1583409600000,8234.97,8250.0,8090.0,8135.18,21.998218
1583452800000,8152.51,8194.04,8050.0,8126.84,20.039745
1583496000000,8155.75,8184.65,8031.06,8160.2,16.170139
1583539200000,8145.51,8195.92,8074.0,8126.23,3.111727
1583582400000,8144.84,8210.52,7902.85,7956.6,25.795226
1583625600000,7916.86,7916.86,7735.0,7810.0,8.456835
1583668800000,7810.0,7810.0,7067.0,7111.76,50.114559
1583712000000,7111.76,7228.02,6640.44,6836.8,44.433446
1583755200000,6885.1,6978.4,6714.2,6958.83,59.846127
1583798400000,6989.59,7210.01,6920.0,7172.96,14.473695
1583841600000,7134.65,7202.93,6868.0,7019.36,29.419484
1583884800000,7016.85,7092.59,6893.91,6942.57,13.207132
1583928000000,6942.57,7120.85,6748.18,7120.06,38.363072
1583971200000,7113.56,7113.56,5080.0,5372.62,154.681373
1584014400000,5372.62,5664.29,4000.0,4350.77,223.727857
1584057600000,4368.1,5189.42,3363.1,4960.0,285.436898
1584100800000,4960.0,5519.88,4453.84,5173.76,504.34487
1584144000000,5173.76,5187.19,4750.75,5004.3,189.918156
1584187200000,5001.05,5086.45,4600.0,4727.48,102.118878
1584230400000,4721.09,5015.6,4646.83,4919.88,52.713533
1584273600000,4949.85,5400.0,4710.04,4849.3,89.887004
1584316800000,4826.26,4894.47,4001.04,4114.48,173.04183
1584360000000,4112.49,4685.0,4086.64,4555.0,103.537177
1584403200000,4574.79,4950.0,4474.96,4830.07,89.971255
1584446400000,4830.47,5091.75,4677.64,4933.17,153.35538
1584489600000,4958.8,4980.15,4609.27,4733.72,87.802072
1584532800000,4733.41,5006.0,4611.3,4974.95,119.460572
1584576000000,4977.46,5294.68,4874.6,5278.13,67.950428
1584619200000,5286.17,6107.42,5279.26,5846.68,330.727375
1584662400000,5870.0,6499.99,5685.56,6305.0,146.259572
1584705600000,6284.47,6324.24,5326.44,5861.36,197.193271
1584748800000,5860.06,6000.0,5490.84,5760.0,43.506153
1584792000000,5760.0,6084.9,5705.0,5808.7,115.848434
1584835200000,5828.3,6025.84,5778.85,5824.47,27.720617
1584878400000,5802.94,5820.0,5404.83,5495.68,65.67135
1584921600000,5495.68,5630.29,5387.72,5514.04,38.011049
1584964800000,5514.04,6180.0,5514.04,6079.71,173.265005
1585008000000,6079.71,6370.84,5972.33,6240.6,191.414635
1585051200000,6240.71,6459.88,6050.0,6265.21,124.410876
1585094400000,6276.96,6450.0,6010.56,6082.2,94.731403
1585137600000,6082.64,6318.38,6064.3,6195.65,31.069926
1585180800000,6218.84,6259.21,6070.83,6100.0,43.409543
1585224000000,6080.66,6180.0,5997.35,6159.04,61.784934
1585267200000,6162.54,6252.19,6053.37,6116.2,29.093739
1585310400000,6116.2,6167.35,5742.0,5842.05,51.727874
1585353600000,5839.09,6071.76,5550.0,5750.19,69.055385
1585396800000,5703.57,5743.26,5533.29,5737.14,26.984809
1585440000000,5737.88,5742.13,5555.0,5647.0,52.086269
1585483200000,5665.46,5679.92,5383.4,5383.4,66.139357
1585526400000,5385.72,5892.0,5360.07,5880.43,56.56867
1585569600000,5881.86,6094.99,5820.0,5906.69,83.723837
1585612800000,5942.62,6237.0,5885.34,5912.01,47.926498
1585656000000,5910.0,6030.0,5892.0,5940.0,38.740167
1585699200000,5940.0,5940.0,5800.0,5829.49,17.508274
1585742400000,5846.26,6177.0,5675.02,6158.92,69.988055
1585785600000,6155.9,6237.0,6055.34,6200.0,33.331525
1585828800000,6200.0,6693.0,6157.71,6357.94,119.622086
1585872000000,6342.0,6585.5,6281.0,6560.57,24.390984
1585915200000,6548.29,6574.34,6200.0,6336.95,51.263797
1585958400000,6332.47,6498.49,6280.0,6318.4,22.75208
1586001600000,6318.41,6513.26,6293.37,6423.0,53.710715
1586044800000,6436.0,6478.65,6293.36,6348.29,24.285815
1586088000000,6328.23,6361.65,6192.96,6340.0,17.372841
1586131200000,6332.0,6671.0,6318.0,6635.64,67.367068
1586174400000,6635.64,6845.87,6580.0,6817.58,83.563919
1586217600000,6821.0,6920.43,6720.0,6864.01,38.032528
1586260800000,6865.9,6893.0,6580.0,6654.14,75.162244
1586304000000,6654.14,6850.0,6622.0,6754.56,23.140559
1586347200000,6759.65,6835.11,6698.0,6799.83,49.548266
1586390400000,6799.82,6830.16,6641.47,6673.53,17.162698
1586433600000,6648.69,6800.0,6600.0,6767.82,69.293291
1586476800000,6767.82,6776.97,6335.46,6408.0,70.730176
1586520000000,6408.01,6476.16,6240.0,6392.29,68.418276
1586563200000,6396.11,6432.78,6335.24,6419.56,14.625093
1586606400000,6420.37,6455.74,6300.0,6400.0,31.36992
1586649600000,6412.0,6422.94,6321.73,6388.32,6.806408
1586692800000,6388.32,6699.32,6388.32,6447.0,41.820383
1586736000000,6447.0,6447.0,6088.95,6321.73,82.442445
1586779200000,6321.73,6392.94,6115.6,6343.99,32.456355
1586822400000,6343.0,6390.0,6240.93,6322.76,23.816524
1586865600000,6316.23,6420.0,6271.57,6310.91,29.023337
1586908800000,6310.0,6383.96,6250.0,6272.56,25.078309
1586952000000,6283.98,6344.82,6151.0,6151.02,60.186472
1586995200000,6151.0,6600.0,6043.55,6539.98,50.637101
1587038400000,6521.68,6660.0,6459.41,6597.19,55.184089
1587081600000,6600.0,6635.32,6525.87,6601.77,26.913448
1587124800000,6597.55,6626.63,6500.0,6510.0,20.053559
1587168000000,6510.0,6596.97,6510.0,6596.97,5.276594
1587211200000,6599.99,6793.8,6558.0,6707.4,51.036196
1587254400000,6707.4,6730.13,6600.0,6653.13,10.49528
1587297600000,6653.16,6676.85,6555.51,6630.53,16.804173
1587340800000,6616.31,6688.0,6450.0,6472.61,20.272012
1587384000000,6450.39,6575.0,6281.68,6364.18,53.690056
1587427200000,6339.32,6421.92,6288.0,6339.21,14.506868
1587470400000,6320.0,6687.0,6318.26,6378.91,49.791458
1587513600000,6378.91,6499.92,6342.25,6475.25,12.494345
1587556800000,6475.25,6685.23,6445.18,6635.42,58.608589
1587600000000,6638.71,6666.0,6523.71,6659.5,14.658827
1587643200000,6659.5,7189.8,6640.36,6966.3,70.525138
1587686400000,6974.6,7120.0,6951.72,7022.08,52.783155
1587729600000,7022.33,7043.14,6912.02,6980.02,28.336675
1587772800000,6981.85,7081.52,6947.77,7023.8,9.752576
1587816000000,7023.79,7164.0,7000.0,7030.0,24.397424
1587859200000,7030.0,7151.84,6995.0,7142.07,12.653147
1587902400000,7151.84,7171.99,7015.06,7171.99,25.875025
1587945600000,7175.92,7262.27,7107.99,7182.22,39.768191
1587988800000,7182.22,7238.42,7105.8,7214.48,30.387398
1588032000000,7214.47,7229.23,7143.0,7187.64,16.453252
1588075200000,7187.65,7245.0,7162.24,7237.38,53.366216
1588118400000,7237.37,7644.76,7200.0,7586.78,86.846856
1588161600000,7606.38,8444.0,7597.49,8119.93,232.559403
1588204800000,8119.0,8788.11,7932.12,8291.98,217.156134
1588248000000,8238.52,8281.35,7765.99,7953.94,124.226261
1588291200000,7965.88,8377.1,7965.13,8283.7,62.927317
1588334400000,8288.4,8310.0,8000.56,8073.6,84.879591
1588377600000,8073.85,8114.69,8000.5,8076.41,27.855722
1588420800000,8102.65,8221.58,8050.0,8190.72,61.865181
1588464000000,8199.59,8389.0,8088.29,8253.99,67.170559
1588507200000,8250.49,8252.63,8010.0,8162.04,87.712401
1588550400000,8159.61,8174.59,7802.95,7988.63,87.592911
1588593600000,7967.78,8225.44,7958.16,8179.88,49.595205
1588636800000,8179.89,8412.13,8102.98,8215.0,71.139758
1588680000000,8215.0,8391.06,8165.0,8389.0,63.876425
1588723200000,8389.42,8654.0,8300.0,8654.0,67.3162
1588766400000,8652.8,8730.0,8457.96,8500.01,91.476861
1588809600000,8544.99,8700.0,8375.0,8668.2,62.796388
1588852800000,8665.72,9296.62,8646.5,9221.0,209.312621
1588896000000,9221.0,9272.9,8963.0,9185.56,70.965107
1588939200000,9182.45,9355.08,9033.1,9069.71,97.169457
1588982400000,9069.71,9160.05,8727.42,8889.22,137.81923
1589025600000,8875.11,9056.54,8778.54,8799.05,123.371274
1589068800000,8800.44,8855.34,7500.87,8100.0,154.137803
1589112000000,8100.0,8176.99,7610.0,8087.53,142.906464
1589155200000,8113.83,8343.52,7830.0,8300.0,82.968879
1589198400000,8308.0,8521.01,7657.54,7979.97,141.574179
1589241600000,7980.25,8210.68,7935.52,8178.24,28.501631
1589284800000,8179.01,8350.69,8056.48,8180.38,61.204935
1589328000000,8190.22,8418.29,8187.49,8396.88,38.699335
1589371200000,8397.31,8750.0,8351.0,8670.16,92.921109
1589414400000,8687.0,9240.0,8619.39,9015.2,137.427563
1589457600000,9015.2,9200.0,8840.5,9088.71,115.66549499999999
1589500800000,9086.47,9134.91,8500.52,8941.0,68.441771
1589544000000,8911.0,8940.81,8446.6,8645.0,85.066807
1589587200000,8645.0,8901.54,8568.25,8743.99,31.309878
1589630400000,8755.56,8841.55,8550.94,8716.65,39.53964
1589673600000,8714.19,8884.89,8670.36,8850.62,31.607397
1589716800000,8852.73,9178.96,8852.73,8973.37,107.498052
1589760000000,8975.7,9204.53,8830.9,8950.0,94.600357
1589803200000,8950.0,9020.0,8830.9,8975.1,54.749013
1589846400000,9000.0,9075.0,8769.0,8950.0,60.135092
1589889600000,8950.0,8995.67,8820.0,8982.32,52.144181
1589932800000,8980.45,9040.32,8900.0,8954.01,43.123391
1589976000000,8953.71,9010.0,8647.05,8786.0,130.782288
1590019200000,8761.34,8808.58,8507.67,8665.58,72.030446
1590062400000,8665.58,8686.13,8109.94,8358.66,130.541075
1590105600000,8353.92,8584.69,8235.0,8568.65,71.992118
1590148800000,8569.57,8615.99,8470.79,8490.98,99.270706
1590192000000,8507.93,8633.19,8450.44,8526.27,27.153728
1590235200000,8508.99,8590.46,8458.63,8534.95,14.223909
1590278400000,8520.46,8625.42,8450.0,8472.03,27.821618
1590321600000,8480.0,8537.81,8109.94,8139.37,89.472089
1590364800000,8131.19,8293.5,8074.02,8159.47,134.937953
1590408000000,8158.5,8365.98,8116.94,8291.08,76.500875
1590451200000,8274.64,8422.56,8209.56,8244.64,48.152839
1590494400000,8240.39,8300.0,8075.18,8199.83,57.619379
1590537600000,8200.24,8481.94,8136.44,8447.0,50.803519
1590580800000,8454.56,8527.0,8350.0,8480.57,56.303427
1590624000000,8485.1,8548.37,8400.0,8526.43,32.005852
1590667200000,8527.17,8725.58,8501.55,8664.11,83.83091
1590710400000,8668.69,8706.75,8470.12,8508.63,38.485397
1590753600000,8504.51,8608.38,8486.29,8575.28,34.914245
1590796800000,8574.85,8686.03,8501.95,8622.06,30.06295
1590840000000,8625.61,8785.0,8555.52,8733.18,46.004517
1590883200000,8725.74,8733.8,8586.58,8634.47,18.259538
1590926400000,8649.3,8681.74,8505.0,8540.19,25.19233
1590969600000,8518.72,8649.0,8514.03,8588.0,15.331984
1591012800000,8588.0,9192.77,8572.18,9048.99,86.838042
1591056000000,9048.99,9062.39,8897.71,9026.11,76.129683
1591099200000,9025.14,9099.99,8386.11,8619.35,131.26945
1591142400000,8588.15,8680.0,8493.39,8671.89,33.661682
1591185600000,8671.9,8699.0,8584.71,8655.26,45.137206
1591228800000,8650.39,8716.93,8590.0,8687.48,43.821405
1591272000000,8685.93,8833.0,8650.75,8691.02,56.844069
1591315200000,8682.18,8750.0,8600.0,8635.44,33.961007
1591358400000,8642.17,8700.78,8582.58,8602.0,37.454717
1591401600000,8613.73,8675.18,8540.63,8655.58,35.446787
1591444800000,8666.5,8698.57,8598.0,8649.74,25.385936
1591488000000,8650.72,8677.0,8590.0,8601.0,16.591399
1591531200000,8609.0,8744.55,8451.09,8684.8,55.396056
1591574400000,8684.36,8721.73,8634.88,8700.0,26.976254
1591617600000,8700.0,8739.0,8625.0,8719.55,54.267699
1591660800000,8720.0,8775.67,8593.76,8700.0,36.993368
1591704000000,8700.0,8724.51,8583.74,8665.42,47.78259
1591747200000,8652.85,8687.44,8622.6,8642.37,42.405285
1591790400000,8639.4,8800.0,8630.37,8731.44,62.485188
1591833600000,8745.0,8785.0,8657.12,8689.32,49.839851
1591876800000,8679.97,8709.97,8123.69,8285.13,152.638294
1591920000000,8288.01,8487.0,8268.51,8474.05,49.31049
1591963200000,8476.9,8523.8,8353.57,8485.0,58.10397
1592006400000,8485.0,8500.0,8386.45,8431.97,19.190143
1592049600000,8432.57,8483.0,8365.5,8467.86,23.952926
1592092800000,8477.84,8480.56,8392.56,8417.42,7.49497
1592136000000,8417.42,8427.0,8273.73,8339.52,21.364682
1592179200000,8336.58,8360.21,7950.0,8170.0,102.647741
1592222400000,8170.0,8453.76,8073.96,8375.37,65.781258
1592265600000,8383.21,8500.0,8340.01,8499.93,46.45805
1592308800000,8483.45,8550.0,8361.64,8500.0,52.295303
1592352000000,8488.24,8520.0,8371.0,8475.66,37.814296
1592395200000,8475.66,8540.0,8300.0,8489.05,65.900323
1592438400000,8488.67,8494.12,8430.42,8465.05,45.585562
1592481600000,8466.49,8489.99,8355.69,8448.6,55.004749
1592524800000,8426.87,8453.12,8305.0,8433.39,45.637461
1592568000000,8435.89,8473.2,8344.87,8376.45,50.542078
1592611200000,8371.65,8413.83,8275.11,8395.59,16.047077
1592654400000,8397.5,8434.29,8298.49,8411.29,25.649882
1592697600000,8419.53,8470.0,8388.41,8410.15,18.640318
1592740800000,8412.69,8437.0,8345.12,8352.68,17.029041
1592784000000,8347.84,8481.15,8339.94,8479.58,36.068969
1592827200000,8480.0,8682.18,8449.82,8615.86,88.858178
1592870400000,8623.11,8639.0,8530.0,8580.58,40.151103
1592913600000,8577.58,8632.96,8525.6,8540.05,49.646029
1592956800000,8542.73,8592.81,8300.0,8334.77,82.304473
1593000000000,8322.49,8431.63,8250.0,8323.66,78.456046
1593043200000,8301.56,8357.67,8102.63,8309.23,63.880865
1593086400000,8309.8,8344.2,8229.83,8285.97,44.810835
1593129600000,8285.05,8304.25,8143.39,8247.58,75.037684
1593172800000,8257.86,8341.81,8149.68,8228.75,91.630202
1593216000000,8228.33,8280.5,8183.12,8223.32,29.538902
1593259200000,8224.63,8245.0,7980.0,8108.44,60.955996
1593302400000,8104.3,8161.26,8039.22,8132.72,20.909831
1593345600000,8134.5,8245.13,8098.6,8193.52,23.677192
1593388800000,8200.32,8241.84,8091.67,8105.0,42.840794
1593432000000,8100.22,8251.0,8051.06,8209.59,43.67391
1593475200000,8213.51,8223.61,8130.09,8188.91,34.173376
1593518400000,8187.5,8229.83,8133.36,8194.96,66.246846
1593561600000,8166.24,8225.6,8144.88,8221.0,60.894892
1593604800000,8222.49,8314.23,8206.0,8258.81,75.646307
1593648000000,8262.28,8280.54,8172.0,8199.99,46.400044
1593691200000,8200.0,8269.97,8010.0,8136.69,74.775537
1593734400000,8132.83,8167.0,8101.09,8145.82,36.313487
1593777600000,8143.98,8176.41,8097.7,8121.89,37.041981
1593820800000,8101.09,8142.68,8090.01,8112.05,11.30715
1593864000000,8109.24,8215.11,8096.42,8165.0,24.840041
1593907200000,8173.8,8179.22,8055.0,8083.28,14.149276
1593950400000,8086.78,8135.0,7959.0,8112.35,62.473454
1593993600000,8116.67,8225.31,8085.72,8180.03,69.856176
1594036800000,8215.02,8301.0,8166.65,8282.79,59.954163
1594080000000,8293.44,8294.34,8205.41,8270.0,42.96295
1594123200000,8270.0,8282.93,8211.0,8252.66,66.457978
1594166400000,8255.8,8345.48,8231.14,8294.97,78.009659
1594209600000,8295.39,8415.0,8273.03,8377.35,94.752386
1594252800000,8373.51,8381.23,8301.02,8350.85,36.89116
1594296000000,8349.8,8378.69,8150.0,8224.8,67.238173
1594339200000,8223.07,8237.45,8140.62,8161.69,57.276283
1594382400000,8166.23,8287.32,8147.56,8264.07,61.461979
1594425600000,8260.49,8279.68,8168.5,8196.19,26.546701
1594468800000,8189.29,8241.17,8170.51,8218.95,28.2737
1594512000000,8223.19,8268.0,8207.66,8228.42,23.757967999999998
1594555200000,8228.02,8306.85,8155.25,8259.8,34.926573
1594598400000,8275.0,8284.15,8199.12,8264.0,32.665064
1594641600000,8264.0,8299.92,8155.0,8188.78,110.849693
1594684800000,8180.0,8193.29,8060.0,8159.06,102.490862
1594728000000,8162.32,8199.74,8107.89,8157.58,52.791696
1594771200000,8158.7,8174.48,8085.17,8100.4,45.67922
1594814400000,8100.4,8157.0,8064.0,8093.07,69.02884
1594857600000,8095.49,8146.63,7969.75,7989.2,92.622163
1594900800000,7987.89,8088.08,7970.0,8058.15,87.19151
1594944000000,8057.74,8071.18,7980.46,8032.16,56.76772
1594987200000,8047.39,8094.44,8005.72,8052.89,64.965481
1595030400000,8048.36,8098.61,8023.0,8068.59,25.181684
1595073600000,8063.85,8098.42,8053.08,8070.18,24.720857
1595116800000,8076.89,8090.14,8013.88,8034.16,25.78323
1595160000000,8030.17,8104.0,8018.06,8101.09,38.532008
1595203200000,8097.04,8110.54,8014.0,8046.62,47.909155
1595246400000,8035.63,8099.65,8025.06,8044.21,75.900228
1595289600000,8043.8,8227.24,8036.24,8224.0,70.371075
1595332800000,8222.79,8300.0,8156.62,8187.31,104.857601
1595376000000,8184.82,8186.9,8095.0,8110.62,68.986138
1595419200000,8119.43,8296.62,8089.96,8274.9,81.815545
1595462400000,8269.59,8286.94,8218.0,8266.55,56.006569
1595505600000,8262.38,8360.29,8211.0,8320.5,95.722386
1595548800000,8317.35,8320.09,8200.0,8273.2,45.192552
1595592000000,8271.07,8316.28,8223.41,8227.27,119.251756
1595635200000,8239.42,8297.79,8228.81,8281.48,21.848945
1595678400000,8270.04,8394.59,8255.05,8362.82,61.452528
1595721600000,8365.16,8700.0,8260.42,8543.87,131.320423
1595764800000,8545.48,8569.48,8412.52,8550.68,79.796683
1595808000000,8551.11,8795.61,8531.73,8773.82,161.576221
1595851200000,8779.33,9630.0,8744.62,9348.84,357.108375
1595894400000,9351.99,9533.26,9023.0,9426.88,204.135551
1595937600000,9424.7,9594.03,9303.38,9337.89,196.546997
1595980800000,9352.54,9520.61,9293.28,9493.0,97.055721
1596024000000,9494.29,9640.0,9375.0,9490.0,171.330579
1596067200000,9464.53,9493.37,9316.58,9337.12,110.935941
1596110400000,9335.47,9487.59,9239.99,9402.71,157.493716
1596153600000,9404.38,9542.71,9285.0,9534.08,100.688301
1596196800000,9536.4,9717.24,9468.21,9583.13,223.1686
1596240000000,9583.13,9955.1,9440.6,9919.76,234.131604
1596283200000,9910.31,10059.2,9783.62,10039.17,218.363644
1596326400000,10028.77,10235.9,9008.99,9415.77,278.996865
1596369600000,9414.88,9609.0,9332.19,9413.21,110.437065
1596412800000,9421.16,9608.75,9323.8,9587.76,67.287267
1596456000000,9585.5,9821.4,9535.47,9604.51,153.184022
1596499200000,9608.95,9747.77,9459.3,9516.36,106.533841
1596542400000,9504.34,9615.0,9439.46,9527.49,159.983455
1596585600000,9527.26,9740.55,9465.55,9707.24,97.152916
1596628800000,9707.01,9942.64,9656.7,9915.21,203.938649
1596672000000,9917.58,9970.63,9794.54,9939.93,85.593451
1596715200000,9926.84,10100.0,9854.99,9968.96,179.144774
1596758400000,9951.6,10095.0,9940.59,10003.26,136.255223
1596801600000,10003.37,10036.88,9675.74,9895.12,183.37366
1596844800000,9899.49,10060.64,9835.7,10039.98,65.091174
1596888000000,10039.99,10064.47,9903.91,10027.57,71.2011
1596931200000,10026.74,10055.66,9910.19,9972.72,45.681643
1596974400000,9970.0,10000.0,9836.45,9974.21,104.132882
1597017600000,9979.76,10275.52,9875.0,10043.49,205.293372
1597060800000,10043.49,10225.0,10023.86,10180.01,169.118714
1597104000000,10180.92,10210.8,9950.0,10019.96,142.734701
1597147200000,10019.45,10019.45,9527.53,9764.7,375.095592
1597190400000,9764.7,9860.0,9585.71,9791.75,141.296338
1597233600000,9799.61,9911.58,9764.97,9858.66,152.391285
1597276800000,9854.56,9924.88,9578.98,9823.07,142.762369
1597320000000,9819.04,9989.41,9680.01,9956.27,155.348656
1597363200000,9966.55,10029.03,9890.0,10017.2,128.278061
1597406400000,10017.2,10075.0,9910.16,9991.74,170.305558
1597449600000,9999.5,10156.24,9999.45,10058.85,91.780047
1597492800000,10055.0,10150.0,9947.0,10039.21,115.128442
1597536000000,10036.78,10104.19,9966.38,9977.19,47.022671
1597579200000,9971.2,10107.89,9935.65,10096.49,95.875224
1597622400000,10102.68,10115.18,9971.64,10105.19,128.476218
1597665600000,10105.24,10547.95,10020.0,10400.2,342.698682
1597708800000,10399.99,10476.99,10270.98,10270.98,128.719532
1597752000000,10270.46,10336.26,9970.43,10062.63,305.581909
1597795200000,10056.85,10104.54,9772.46,9981.67,230.023343
1597838400000,9981.74,10047.46,9822.85,9970.9,169.617222
1597881600000,9977.73,10044.62,9916.57,10031.0,107.948976
1597924800000,10033.92,10085.0,9989.3,10053.01,139.219766
1597968000000,10049.0,10076.96,9979.81,10003.84,90.444464
1598011200000,10001.78,10065.19,9779.39,9818.04,176.470692
1598054400000,9822.14,9903.34,9692.18,9856.84,78.868676
1598097600000,9858.35,9968.18,9853.33,9952.33,67.116494
1598140800000,9949.98,9967.77,9821.18,9834.49,35.604919
1598184000000,9834.69,9990.26,9828.88,9932.01,71.426161
1598227200000,9932.0,10049.41,9877.19,10012.52,96.105935
1598270400000,10014.63,10050.0,9975.56,10026.64,107.587836
1598313600000,10025.48,10040.15,9800.0,9885.55,121.754266
1598356800000,9882.96,9889.6,9456.61,9628.81,327.470898
1598400000000,9614.4,9737.33,9561.39,9697.16,100.979904
1598443200000,9704.44,9816.05,9591.22,9740.51,173.522931
1598486400000,9736.33,9745.16,9621.5,9640.76,85.178966
1598529600000,9625.85,9820.0,9467.2,9626.54,262.600527
1598572800000,9644.89,9702.14,9599.0,9685.14,96.42342
1598616000000,9696.17,9757.11,9647.35,9738.48,114.598316
1598659200000,9740.84,9784.7,9646.32,9682.15,54.357312
1598702400000,9670.59,9757.16,9654.99,9696.72,37.674269
1598745600000,9686.33,9833.49,9685.41,9801.98,38.710607
1598788800000,9798.64,9878.72,9768.52,9872.95,54.099174
1598832000000,9874.42,9884.72,9776.51,9839.79,64.741112
1598875200000,9839.8,9925.88,9790.4,9819.01,105.195202
1598918400000,9812.56,10041.0,9720.47,9961.48,161.125701
1598961600000,9962.71,10159.54,9942.58,10031.48,192.345899
1599004800000,10033.18,10066.16,9480.0,9682.97,211.884979
1599048000000,9691.65,9731.91,9517.55,9676.04,263.249584
1599091200000,9670.0,9744.23,9536.72,9559.3,161.670359
1599134400000,9560.46,9587.63,8503.0,8635.02,457.643208
1599177600000,8628.9,8944.03,8583.49,8861.0,248.152351
1599220800000,8861.26,9036.03,8401.0,8893.89,250.886551
1599264000000,8893.13,8980.26,8600.0,8682.55,126.290792
1599307200000,8681.17,8779.6,8350.55,8634.9,370.887527
1599350400000,8630.43,8731.96,8495.87,8711.18,118.599324
1599393600000,8714.75,8789.0,8600.0,8709.75,179.903127
1599436800000,8710.89,8757.38,8501.01,8525.12,153.221902
1599480000000,8538.95,8855.89,8397.72,8825.55,278.558077
1599523200000,8829.5,8880.21,8460.01,8514.24,186.862331
1599566400000,8505.19,8725.0,8415.72,8645.9,316.218514
1599609600000,8650.01,8781.59,8524.59,8739.19,94.959813
1599652800000,8743.27,8814.0,8664.23,8711.85,143.650313
1599696000000,8703.56,8861.95,8701.47,8745.03,100.028285
1599739200000,8745.47,8861.6,8715.0,8787.57,139.672067
1599782400000,8788.56,8814.0,8658.4,8706.14,94.355802
1599825600000,8705.34,8827.29,8700.0,8825.24,97.824297
1599868800000,8827.74,8831.98,8749.73,8778.03,38.627503
1599912000000,8775.97,8890.0,8717.09,8857.66,78.274549
1599955200000,8860.12,8972.65,8750.0,8758.8,99.994016
1599998400000,8757.43,8794.32,8660.0,8754.88,91.220634
1600041600000,8763.91,8880.48,8701.01,8876.87,83.536053
1600084800000,8878.09,9112.11,8844.14,9040.63,294.1197
1600128000000,9041.58,9195.25,8973.0,9150.26,148.394921
1600171200000,9161.73,9281.36,9077.78,9153.32,255.923033
1600214400000,9152.59,9281.33,9051.54,9238.07,155.613032
1600257600000,9241.4,9435.21,9201.78,9329.04,236.420371
1600300800000,9324.83,9425.99,9193.27,9268.67,156.287539
1600344000000,9268.65,9313.97,9153.35,9282.61,232.461578
1600387200000,9287.54,9349.97,9229.04,9321.73,137.639168
1600430400000,9322.2,9340.14,9160.0,9282.66,208.050346
1600473600000,9280.92,9454.21,9244.75,9445.51,90.207112
1600516800000,9445.51,9484.1,9342.21,9396.46,109.299377
1600560000000,9392.96,9398.3,9260.0,9300.16,57.210539
1600603200000,9300.0,9300.76,9132.45,9265.11,127.946813
1600646400000,9268.01,9309.96,9010.47,9059.18,152.816525
1600689600000,9054.28,9084.15,8806.23,8891.55,310.411221
1600732800000,8895.0,8983.67,8849.9,8937.72,214.668343
1600776000000,8938.41,9076.47,8927.0,9034.33,210.372389
1600819200000,9036.37,9061.5,8929.1,9007.99,125.952589
1600862400000,9008.15,9060.0,8741.38,8815.19,233.749044
1600905600000,8827.88,9000.0,8787.18,8996.45,134.120446
1600948800000,8994.33,9257.0,8921.33,9223.94,251.168356
1600992000000,9233.84,9238.24,9111.37,9183.78,169.97691
1601035200000,9180.39,9293.22,9122.86,9229.39,160.087085
1601078400000,9234.36,9329.35,9190.25,9247.31,56.541839
1601121600000,9242.65,9299.0,9200.6,9276.59,64.120142
1601164800000,9267.46,9315.0,9151.91,9180.16,44.062582
1601208000000,9179.04,9297.12,9150.45,9280.95,85.70117
1601251200000,9297.14,9424.0,9297.14,9358.88,121.935741
1601294400000,9360.91,9416.38,9160.0,9201.64,223.129949
1601337600000,9188.88,9269.48,9173.27,9234.68,151.919839
1601380800000,9236.84,9285.12,9109.63,9266.79,209.316034
1601424000000,9266.23,9267.51,9135.2,9170.0,137.684756
1601467200000,9170.0,9255.01,9158.45,9214.81,151.707124
1601510400000,9226.0,9334.15,9218.53,9306.01,115.564954
1601553600000,9306.01,9316.65,8942.28,9080.65,314.18012
1601596800000,9080.55,9143.01,8902.32,8944.26,200.514688
1601640000000,8943.6,9068.96,8940.57,9064.78,175.973337
1601683200000,9064.08,9064.08,8992.95,9038.7,42.892455
1601726400000,9037.43,9084.16,9022.85,9040.26,65.550004
1601769600000,9033.39,9109.71,9021.18,9083.95,35.470228
1601812800000,9088.45,9162.0,9067.28,9123.52,64.661156
1601856000000,9123.52,9180.0,9077.84,9110.07,146.985909
1601899200000,9108.4,9182.68,9093.62,9180.75,168.362202
1601942400000,9183.14,9195.09,9091.11,9106.49,139.783184
1601985600000,9104.99,9165.0,9000.0,9072.02,225.387136
1602028800000,9068.53,9093.33,9030.17,9040.64,108.424134
1602072000000,9046.14,9114.15,9023.19,9103.18,127.209612
1602115200000,9104.21,9105.0,9000.0,9063.77,103.337907
1602158400000,9065.72,9341.25,9050.0,9311.5,219.565904
1602201600000,9312.5,9432.9,9240.31,9400.0,146.920548
1602244800000,9397.14,9442.28,9354.78,9380.22,239.623164
1602288000000,9379.76,9681.54,9372.1,9585.48,148.186799
1602331200000,9586.01,9644.15,9522.2,9544.25,107.182644
1602374400000,9540.51,9646.0,9528.01,9625.32,37.832099
1602417600000,9625.69,9680.0,9550.0,9638.71,133.511806
1602460800000,9627.88,9678.57,9530.13,9586.49,136.111965
1602504000000,9580.05,9931.6,9560.0,9745.32,306.503927
1602547200000,9745.32,9845.15,9666.96,9784.46,160.643252
1602590400000,9784.5,9803.01,9653.06,9767.65,188.073469
1602633600000,9777.8,9819.9,9654.0,9718.83,147.207038
1602676800000,9715.56,9854.78,9639.53,9738.5,230.513072
1602720000000,9744.75,9760.0,9657.0,9700.8,126.187864
1602763200000,9697.95,9894.0,9677.29,9855.26,286.650619
1602806400000,9856.31,9881.42,9607.0,9727.46,249.387955
1602849600000,9727.49,9745.98,9666.66,9696.0,175.34712
1602892800000,9696.0,9747.14,9660.0,9724.35,56.617077
1602936000000,9724.05,9763.41,9652.02,9727.37,89.87427
1602979200000,9726.82,9810.56,9716.01,9784.8,69.286442
1603022400000,9786.55,9849.5,9772.26,9848.58,77.089677
1603065600000,9850.0,9870.0,9777.05,9777.55,131.058564
1603108800000,9777.05,10040.0,9765.95,10012.0,353.871397
1603152000000,10012.0,10128.17,9957.85,10008.21,248.111436
1603195200000,10014.69,10192.0,9925.47,10102.51,374.521205
1603238400000,10106.15,10476.56,10087.95,10439.04,276.041276
1603281600000,10446.8,11179.94,10395.3,10810.05,756.374802
1603324800000,10808.28,11063.32,10746.28,11011.21,342.021574
1603368000000,11012.74,11190.0,10876.88,11009.72,462.177618
1603411200000,11006.68,11040.0,10908.23,10986.43,204.23904
1603454400000,10988.58,11020.0,10779.21,10932.6,332.366899
1603497600000,10931.55,11008.91,10890.14,10995.32,111.655749
1603540800000,10995.26,11116.65,10956.73,11086.44,234.370857
1603584000000,11085.53,11262.51,10914.49,10962.09,156.077058
1603627200000,10956.39,11049.6,10930.0,11030.24,113.287062
1603670400000,11034.84,11190.0,10990.0,11158.09,165.658676
1603713600000,11162.74,11235.39,10855.76,11099.29,442.822749
1603756800000,11099.3,11424.81,11079.68,11420.0,233.615813
1603800000000,11418.03,11732.68,11313.03,11612.55,636.041932
1603843200000,11610.59,11780.0,11390.0,11395.71,333.744374
1603886400000,11390.01,11434.91,11011.0,11332.26,633.280095
1603929600000,11327.05,11361.79,11167.0,11194.08,198.065114
1603972800000,11192.88,11733.52,11118.09,11555.0,430.367001
1604016000000,11555.0,11730.0,11282.73,11473.13,366.612718
1604059200000,11473.13,11769.91,11366.03,11655.48,352.683747
1604102400000,11657.95,12093.67,11542.27,11998.0,326.150243
1604145600000,11997.99,11997.99,11780.0,11872.75,203.834822
1604188800000,11865.17,11947.7,11729.4,11802.11,148.302987
1604232000000,11802.11,11931.87,11731.46,11848.84,172.312711
1604275200000,11849.91,11900.0,11491.41,11542.34,290.719271
1604318400000,11521.44,11808.7,11361.36,11683.0,401.199913
1604361600000,11678.72,11738.12,11441.02,11592.12,234.964917
1604404800000,11590.57,11987.82,11551.39,11937.89,397.835437
1604448000000,11939.08,11966.88,11594.92,11750.84,343.983106
1604491200000,11752.87,12179.33,11741.71,12081.69,519.652155
1604534400000,12085.76,12512.29,12042.09,12498.41,522.658849
1604577600000,12498.41,13292.05,12392.91,13177.56,1419.080222
1604620800000,13170.67,13472.74,12665.94,13056.05,864.110767
1604664000000,13059.96,13220.97,12809.83,13109.77,564.186495
1604707200000,13107.36,13200.0,12956.11,13032.01,233.05623
1604750400000,13039.72,13062.62,12037.01,12446.84,907.520969
1604793600000,12453.1,12837.59,12361.65,12806.39,227.536509
1604836800000,12809.77,13199.16,12758.21,12971.35,552.007016
1604880000000,12972.19,13360.26,12721.58,13300.0,419.539134
1604923200000,13310.67,13314.61,12578.22,12963.26,833.070255
1604966400000,12964.02,13114.02,12858.71,13009.35,361.831347
1605009600000,13008.76,13089.12,12796.83,12989.59,555.799994
1605052800000,12986.88,13348.35,12961.21,13285.0,356.819574
1605096000000,13281.69,13594.0,13254.21,13363.81,773.219257
1605139200000,13360.25,13744.1,13179.26,13420.0,681.249529
1605182400000,13415.3,13891.9,13405.0,13865.39,905.621535
1605225600000,13865.07,13990.0,13645.21,13784.38,617.251522
1605268800000,13784.37,13861.53,13550.0,13843.2,460.472932
1605312000000,13846.5,13846.5,13361.8,13522.91,396.890422
1605355200000,13513.12,13685.87,13333.2,13630.14,341.760497
1605398400000,13640.0,13697.49,13470.27,13546.05,145.783175
1605441600000,13546.05,13663.33,13388.78,13520.68,329.487593
1605484800000,13520.0,13887.61,13443.34,13795.0,341.928597
1605528000000,13795.0,14281.0,13788.21,14142.66,934.096736
1605571200000,14147.3,14354.0,13995.71,14354.0,499.464843
1605614400000,14354.0,15099.0,14311.47,14928.25,1450.059004
1605657600000,14926.43,15569.46,14513.0,15415.0,1286.635217
1605700800000,15414.99,15415.0,14604.22,15039.45,1177.156276
1605744000000,15040.91,15250.2,14715.42,15048.42,623.652382
1605787200000,15052.77,15387.0,14966.02,15054.48,861.661887
1605830400000,15056.25,15500.0,14990.0,15431.2,573.499396
1605873600000,15428.74,15898.18,15356.54,15768.45,962.83025
1605916800000,15770.13,16009.21,15610.12,15687.03,579.497929
1605960000000,15687.03,15958.2,15550.0,15758.0,857.35624
1606003200000,15763.1,15798.72,14829.82,15044.2,712.41525
1606046400000,15041.79,15790.0,15001.01,15556.03,822.567847
1606089600000,15551.9,15848.57,15181.19,15650.02,656.321735
1606132800000,15650.02,15740.0,15403.8,15562.98,877.902703
1606176000000,15562.98,16138.23,15300.0,16111.09,957.638525
1606219200000,16115.96,16455.45,15911.39,16169.85,1278.368298
1606262400000,16164.96,16354.15,15703.6,16323.74,538.14913
1606305600000,16324.45,16432.19,15577.98,15780.67,1104.549893
1606348800000,15776.39,15922.55,13685.37,14444.99,2373.351173
1606392000000,14440.01,14726.15,13659.71,14465.33,2180.502704
1606435200000,14471.8,14714.89,14011.0,14146.4,967.796754
1606478400000,14150.4,14394.13,13849.99,14384.27,1128.676605
1606521600000,14384.63,14482.07,14170.25,14415.01,385.734423
1606564800000,14416.5,15027.1,14340.55,14897.09,925.431528
1606608000000,14894.39,15326.16,14720.01,15199.11,536.535874
1606651200000,15196.15,15385.78,15062.72,15251.87,577.531465
1606694400000,15251.1,15672.09,15249.82,15592.62,583.961003
1606737600000,15592.66,16529.0,15592.66,16449.17,2019.798244
1606780800000,16449.17,16685.98,15950.0,16307.17,1079.541664
1606824000000,16307.63,16347.53,15223.0,15622.06,2359.79326
1606867200000,15614.47,16098.84,15244.26,15940.65,1006.371592
1606910400000,15937.66,16016.18,15588.64,15875.87,1164.744076
1606953600000,15872.2,16090.03,15630.92,16051.21,659.209936
1606996800000,16053.17,16157.8,15875.93,16039.51,766.763185
1607040000000,16039.51,16108.69,15500.0,15522.21,784.06942
1607083200000,15522.21,15803.04,15389.52,15442.53,970.796218
1607126400000,15441.73,15875.89,15322.84,15749.87,470.621094
1607169600000,15749.43,15869.32,15695.62,15861.21,290.515101
1607212800000,15861.05,15999.0,15702.02,15805.11,259.064514
1607256000000,15808.71,16032.74,15625.06,15987.51,446.553612
1607299200000,15987.51,16030.0,15828.46,15841.19,456.867809
1607342400000,15841.2,15949.43,15658.4,15865.74,671.163134
1607385600000,15874.42,15973.57,15486.38,15565.01,706.195673
1607428800000,15559.75,15714.0,15080.05,15184.12,1215.122315
1607472000000,15182.72,15211.88,14578.48,15132.6,1471.967201
1607515200000,15131.29,15479.97,15074.97,15405.49,1072.456205
1607558400000,15404.79,15412.97,15027.58,15093.22,667.984017
1607601600000,15093.21,15237.96,14791.41,15077.8,942.385711
1607644800000,15077.8,15112.36,14563.54,14597.66,1216.454269
1607688000000,14596.22,15056.1,14576.33,14932.52,812.869739
1607731200000,14937.4,15329.77,14925.44,15321.58,428.775914
1607774400000,15324.13,15671.03,15170.22,15577.25,705.786456
1607817600000,15577.58,15991.64,15500.99,15968.22,510.15155
1607860800000,15970.11,16039.0,15660.85,15810.14,707.130642
1607904000000,15803.22,15938.49,15678.96,15742.79,472.774797
1607947200000,15742.79,15950.0,15686.6,15895.85,701.290462
1607990400000,15897.37,16096.26,15720.77,15925.2,795.811626
1608033600000,15924.41,16125.97,15890.78,16028.7,923.054552
1608076800000,16028.73,16339.15,15911.9,16242.13,839.312677
1608120000000,16242.27,17676.49,16210.0,17540.51,2914.274872
1608163200000,17540.5,19500.0,17451.02,18593.73,3662.002381
1608206400000,18593.73,19350.0,18200.0,18607.29,3047.175325
1608249600000,18607.18,19028.48,18333.02,18741.45,1160.901182
1608292800000,18741.97,18926.19,18304.48,18903.14,1331.588824
1608336000000,18902.03,18991.02,18619.0,18734.34,522.478115
1608379200000,18734.6,19700.0,18734.6,19481.26,1854.499276
1608422400000,19481.26,19487.84,18889.2,19272.81,899.606399
1608465600000,19272.5,19803.54,18949.08,19260.07,1459.725145
1608508800000,19260.28,19786.11,18455.18,18657.86,1718.31524
1608552000000,18660.47,19052.01,18102.65,18618.47,1355.994911
1608595200000,18622.55,18989.22,18389.78,18961.5,1196.927403
1608638400000,18961.7,19583.61,18912.98,19568.27,1413.078355
1608681600000,19566.34,19723.39,18761.81,18970.0,1175.043085
1608724800000,18967.28,19826.62,18659.0,19114.72,1965.68299
1608768000000,19114.73,19300.0,18664.09,19126.12,1111.14293
1608811200000,19125.74,19588.59,18967.16,19530.07,910.673386
1608854400000,19529.99,20278.54,19276.05,20199.88,856.253986
1608897600000,20199.88,20325.44,19605.0,20285.67,1629.019727
1608940800000,20287.71,20530.0,20111.0,20387.78,931.951731
1608984000000,20387.27,21969.98,20305.75,21674.7,2198.539364
1609027200000,21680.4,23260.0,21607.5,22634.43,2245.705753
1609070400000,22636.76,22678.78,20950.0,21379.05,2901.927381
1609113600000,21374.31,22173.81,21218.18,22003.0,1091.386283
1609156800000,22000.01,22500.0,21692.08,22170.48,1548.937891
1609200000000,22168.76,22196.45,21200.0,21975.23,1287.976802
1609243200000,21976.76,22359.39,21450.0,22333.22,1471.938493
1609286400000,22333.59,23338.81,22327.1,22695.47,1877.217961
1609329600000,22695.47,23532.06,22501.63,23456.85,1742.412397
1609372800000,23454.08,23807.43,22932.0,23613.59,1523.306929
1609416000000,23611.58,23879.95,22820.0,23713.33,1675.442937
1609459200000,23713.67,24060.0,23501.0,24017.4,768.556433
1609502400000,24017.9,24200.0,23580.0,24076.03,1143.585532
1609545600000,24074.83,24390.0,23726.9,24297.15,756.420942
1609588800000,24297.15,26997.76,23000.0,25925.69,4885.606453
1609632000000,25925.7,27999.99,25793.72,27440.0,2550.707804
1609675200000,27441.37,27580.33,25385.8,26190.43,3135.166278
1609718400000,26201.52,26646.38,23000.0,25000.0,3590.506761
1609761600000,25001.46,26218.34,24803.73,26048.4,2869.348412
1609804800000,26048.4,26537.89,24439.79,25934.07,2823.86522
1609848000000,25934.07,28000.0,25460.57,27655.03,3354.335168
1609891200000,27660.81,28938.77,27126.67,28445.58,2688.665498
1609934400000,28445.84,29966.09,27852.64,29814.83,3481.706741
1609977600000,29812.32,30989.99,29568.1,30913.2,2078.229146
1610020800000,30914.75,32890.0,29700.0,32031.01,4976.980642
1610064000000,32033.41,33861.28,29816.08,33750.03,2867.911597
1610107200000,33750.3,34300.0,31662.37,33035.17,4624.445535
1610150400000,33035.67,33587.4,31664.23,33113.51,1786.966145
1610193600000,33114.51,33681.19,32050.0,32161.21,1858.846023
1610236800000,32162.82,32967.01,31690.0,31741.46,1168.302348
1610280000000,31749.99,32492.85,27419.76,30857.14,4498.808262
1610323200000,30857.14,30961.6,25801.0,28029.23,5280.380425
1610366400000,28029.23,29344.33,24990.0,29165.98,9587.841024
1610409600000,29167.44,30200.0,27765.17,29169.32,2978.969548
1610452800000,29169.32,29428.42,26785.0,27937.3,3958.108613
1610496000000,27945.2,28957.14,26620.0,28300.83,2494.851021
1610539200000,28304.15,31124.34,27956.74,30761.44,2903.185218
1610582400000,30761.94,31947.74,30325.0,31633.06,1712.318367
1610625600000,31635.55,33026.96,31149.99,32200.0,2881.392071
1610668800000,32200.0,32650.0,30957.13,31449.61,1385.643733
1610712000000,31449.47,31511.73,28387.67,30449.97,4706.368155
1610755200000,30449.97,31460.27,29460.91,31187.5,1447.986606
1610798400000,31187.5,31320.05,29313.3,29843.44,1667.793194
1610841600000,29842.65,30405.0,28102.16,29291.59,1508.193752
1610884800000,29294.3,30421.28,28774.19,29639.72,1357.153161
1610928000000,29640.51,30400.0,28871.53,30232.44,1037.482452
1610971200000,30233.72,31072.25,29410.49,30319.94,1840.68098
1611014400000,30319.94,31031.22,29927.23,30830.4,1416.415356
1611057600000,30824.04,31227.0,29666.08,29699.41,2078.361204
1611100800000,29673.74,30062.72,28116.39,28470.19,2160.017611
1611144000000,28470.18,29479.17,27708.3,29315.42,2330.503204
1611187200000,29317.37,29421.59,26408.36,26569.2,2673.81169
1611230400000,26567.84,27000.0,24756.9,25395.48,4608.742441
1611273600000,25366.79,26417.02,23685.6,26097.06,3800.57891
1611316800000,26097.93,27892.24,25811.48,27109.39,2938.718942
1611360000000,27110.74,27538.43,26008.71,26090.28,1581.718882
1611403200000,26090.28,26725.42,25888.02,26407.37,1469.799567
1611446400000,26400.67,27104.23,26065.65,27036.38,966.449566
1611489600000,27036.38,27113.05,25500.0,26551.36,1397.542437
1611532800000,26552.15,27657.83,26485.56,27327.74,1228.321016
1611576000000,27334.78,28759.54,26392.68,26642.52,2579.31904
1611619200000,26641.92,27104.33,25784.01,26283.45,1741.263241
1611662400000,26282.45,27093.46,25443.78,26730.49,2073.432821
1611705600000,26729.04,26797.16,25356.69,25414.48,1359.697323
1611748800000,25413.19,26182.0,24279.0,25159.79,3686.348253
1611792000000,25159.79,26364.0,24769.02,26029.06,1447.577564
1611835200000,26029.06,27899.97,25813.78,27599.19,2309.435293
1611878400000,27591.87,31404.96,26430.38,30568.48,5786.828411
1611921600000,30567.32,31759.61,27681.2,28255.22,4863.926959
1611964800000,28280.71,28780.02,27128.63,27801.33,2174.871305
1612008000000,27802.15,28699.3,27671.2,28289.14,1695.921032
1612051200000,28287.22,28334.0,27440.13,27752.84,848.7422
1612094400000,27755.15,28269.48,26636.44,27362.38,1863.768785
1612137600000,27360.17,28707.0,26720.0,28297.82,1873.651883
1612180800000,28306.21,28500.0,27478.05,27805.75,1536.471431
1612224000000,27805.73,29453.78,27718.87,28868.82,1468.873879
1612267200000,28871.26,29996.08,28603.9,29498.77,2046.560787
1612310400000,29498.77,30622.86,29404.59,29990.77,1627.648524
1612353600000,29999.97,31333.67,29877.52,31311.4,2311.46214
1612396800000,31304.48,32300.0,30771.96,31190.0,2191.903242
1612440000000,31190.0,31643.36,30229.8,30934.66,2210.817337
1612483200000,30941.23,31623.97,30630.78,31518.8,1293.96205
1612526400000,31521.7,31960.39,31035.69,31873.39,1958.994507
1612569600000,31883.21,33719.37,31800.0,33493.73,2231.719
1612612800000,33495.3,34115.0,32515.59,32632.0,2291.323143
1612656000000,32630.72,33058.95,31621.71,32501.82,1704.886453
1612699200000,32511.05,32693.94,31083.47,32312.79,2428.237186
1612742400000,32319.77,32938.63,31643.0,32849.96,1341.15363
1612785600000,32849.95,38950.0,32640.02,38599.96,5972.713352
1612828800000,38598.85,39999.0,37742.95,38440.25,3386.102361
1612872000000,38433.24,39315.0,37291.68,38439.0,2817.237102
1612915200000,38429.63,39156.76,37708.21,38563.89,1776.725911
1612958400000,38563.89,38563.89,36069.27,37077.26,3294.31815
1613001600000,37077.26,38467.26,36431.01,38086.53,1348.855056
1613044800000,38097.35,40150.0,38079.6,39634.13,3354.457227
1613088000000,39634.13,40400.0,38702.96,39420.0,1739.84223
1613131200000,39419.5,39850.0,38304.32,39138.68,2014.168079
1613174400000,39159.39,39796.27,38430.0,38646.86,1290.26888
1613217600000,38646.85,39285.73,38380.0,39083.49,1366.831652
1613260800000,39083.49,40850.0,38964.72,40649.96,1476.663414
1613304000000,40654.94,41147.88,39892.16,40242.22,1556.01939
1613347200000,40236.11,40539.13,38100.0,39500.02,2208.998414
1613390400000,39511.67,40324.95,39253.67,39611.09,1804.822871
1613433600000,39606.38,41250.0,38910.0,40419.06,1675.102266
1613476800000,40419.07,41752.73,39666.01,40723.1,2704.178951
1613520000000,40709.91,42900.0,40541.15,42579.43,2213.86284
1613563200000,42568.06,43768.58,42000.0,43377.06,2305.626898
1613606400000,43377.07,43673.99,42500.0,42689.41,1469.381705
1613649600000,42691.66,43363.39,42330.0,42796.05,1718.322601
1613692800000,42796.05,43691.31,42156.85,43464.77,1708.178991
1613736000000,43472.32,46582.06,43184.14,46194.34,2838.704621
1613779200000,46194.34,46707.02,45434.03,46582.87,1220.055096
1613822400000,46580.54,47500.0,44358.0,46198.78,2359.870347
1613865600000,46198.79,47771.67,45907.32,47277.65,1087.982521
1613908800000,47280.96,48200.99,46800.0,47427.42,1539.646982
1613952000000,47427.42,47502.64,44128.56,44975.96,2436.63552
1613995200000,44975.96,45542.18,39080.27,44631.17,6257.172907
1614038400000,44613.96,44690.11,37000.0,38260.39,6913.798359
1614081600000,38231.63,41031.0,37338.77,40326.34,6017.340163
1614124800000,40326.34,42599.9,38744.29,41603.95,2806.023866
1614168000000,41603.95,42325.4,39594.09,40966.73,2596.397669
1614211200000,40962.04,41928.0,39952.97,41216.72,1472.891715
1614254400000,41212.05,42580.0,38519.9,38843.05,2843.800153
1614297600000,38845.56,39425.95,36477.82,38392.12,3372.747914
1614340800000,38392.72,40081.88,37480.0,38508.33,2327.562516
1614384000000,38509.17,40149.7,38407.8,39371.05,1264.127989
1614427200000,39377.39,39749.0,37522.0,38430.09,1455.635846
1614470400000,38413.61,38814.6,36500.0,37721.99,1818.483733
1614513600000,37727.51,38108.28,35800.0,37421.57,2230.098797
1614556800000,37433.27,39901.9,37289.12,39754.17,1590.58786
1614600000000,39756.84,41400.0,39521.0,41254.0,2219.57084
1614643200000,41258.06,41731.0,40323.38,40685.04,1374.462662
1614686400000,40691.33,41333.24,39030.0,40250.57,1894.339509
1614729600000,40230.47,42927.71,39966.01,42898.0,1428.075294
1614772800000,42885.18,43648.69,41755.3,41909.73,2087.773537
1614816000000,41925.8,43042.26,40434.68,41118.34,1780.367218
1614859200000,41118.34,42046.47,39789.0,40507.39,2260.71258
1614902400000,40523.22,40536.56,38911.53,39837.45,1538.115351
1614945600000,39843.51,41546.82,39413.21,40972.71,2075.443295
1614988800000,40972.7,41316.83,40348.6,40526.39,617.539226
1615032000000,40530.75,41355.12,39592.11,41054.35,1274.071529
1615075200000,41054.35,42990.0,41054.35,42541.84,1102.310047
1615118400000,42545.73,43151.27,41772.65,42765.06,1215.029634
1615161600000,42760.94,43488.0,41600.0,42599.0,1369.177566
1615204800000,42599.0,44169.5,42278.42,44169.2,1590.092769
1615248000000,44169.2,45850.0,43714.35,45570.15,1546.515507
1615291200000,45576.65,46186.98,45066.98,46175.61,1608.062595
1615334400000,46168.32,46950.0,44767.4,46189.46,1668.708167
1615377600000,46189.46,48171.26,46189.46,46935.44,2658.751367
1615420800000,46935.44,47451.56,45558.19,47094.14,1508.707444
1615464000000,47079.45,48530.0,46636.16,48245.38,2361.768033
1615507200000,48245.38,48475.11,46902.86,47458.93,1592.825469
1615550400000,47458.93,48328.33,46233.96,47800.04,2205.028652
1615593600000,47800.05,49977.63,46977.0,49775.35,1476.36723
1615636800000,49786.57,50986.0,49273.94,50256.27,1918.277422
1615680000000,50256.27,50843.43,49418.6,50252.0,988.592305
1615723200000,50267.53,50465.21,49225.61,49225.61,1171.120191
1615766400000,49240.7,50450.0,46010.01,47199.58,2859.16692
1615809600000,47198.15,48150.12,46234.7,46757.95,2604.264804
1615852800000,46757.97,47337.71,44840.79,46456.67,2356.21767
1615896000000,46468.18,47843.99,45831.4,47821.8,1685.317306
1615939200000,47834.24,48044.02,45900.0,46172.16,1349.500521
1615982400000,46185.87,49200.0,45604.0,49139.11,2461.705943
1616025600000,49139.11,49620.68,48552.15,48783.67,1166.251327
1616068800000,48780.92,50376.4,47934.74,48473.55,2316.859741
1616112000000,48473.55,49541.66,47400.0,49520.15,1144.450165
1616155200000,49532.99,49950.0,48833.52,48864.73,1388.201173
1616198400000,48862.06,49895.41,48699.0,49835.75,715.321238
1616241600000,49847.96,50273.0,48822.0,48903.96,1404.574766
1616284800000,48886.76,49300.88,47011.01,47483.03,1114.570048
1616328000000,47497.43,49019.69,47181.46,48375.96,1105.858469
1616371200000,48379.72,49108.25,47526.02,48477.31,955.839153
1616414400000,48474.23,48508.02,45200.0,45499.08,2580.584761
1616457600000,45499.08,46525.16,44572.44,45723.54,1653.360425
1616500800000,45734.37,47188.92,45734.37,45966.89,1527.376077
1616544000000,45961.63,47989.94,45260.15,47835.01,1439.328556
1616587200000,47835.0,48432.0,44019.24,44416.49,2560.952386
1616630400000,44408.95,45248.41,43777.0,44234.79,1767.302627
1616673600000,44232.52,44863.33,42760.21,43645.11,2652.944765
1616716800000,43640.52,45811.76,43580.26,44791.41,1295.617022
1616760000000,44799.97,46776.99,44641.8,46750.85,1490.121089
1616803200000,46736.59,47150.0,46145.12,46235.14,745.228343
1616846400000,46231.18,47900.0,45802.46,47354.32,1267.940098
1616889600000,47353.82,47933.78,47115.7,47383.8,695.506282
1616932800000,47383.78,47904.63,46372.28,47361.09,1387.359294
1616976000000,47362.2,49430.0,46632.25,49096.67,1483.60355
1617019200000,49097.46,49529.0,48449.9,48900.09,1605.699527
1617062400000,48924.11,50448.06,48510.35,50447.57,1452.836118
1617105600000,50447.57,50508.78,49830.02,50150.08,1306.583126
1617148800000,50160.29,51000.0,48623.0,49523.73,1933.472686
1617192000000,49523.74,50732.99,49218.66,50051.22,1780.180518
1617235200000,50051.23,50660.59,49594.39,49958.09,1305.880115
1617278400000,49958.72,50390.0,49345.42,49929.11,1248.233055
1617321600000,49926.22,50893.63,49726.92,50601.57,1020.263291
1617364800000,50601.58,50660.0,49776.28,50123.42,1089.367246
1617408000000,50123.41,50635.0,49907.16,50303.03,717.286248
1617451200000,50295.77,50512.0,48669.49,48788.28,1408.759983
1617494400000,48788.28,49425.04,48302.0,49038.88,798.767304
1617537600000,49040.32,49918.58,48821.58,49581.49,810.88786
1617580800000,49577.65,49712.45,48530.0,49225.73,832.47764
1617624000000,49225.97,50179.62,49181.18,50006.23,1220.68772
1617667200000,50006.22,50226.37,49445.83,49687.4,1138.059662
1617710400000,49687.37,49980.37,48623.0,48979.49,1710.494621
1617753600000,48977.81,49522.0,47111.0,47528.65,2178.52967
1617796800000,47517.67,47966.06,46893.37,47366.99,2189.760042
1617840000000,47367.48,48400.0,47176.71,47600.86,1351.772904
1617883200000,47600.84,48910.4,47543.05,48818.22,1271.970905
1617926400000,48817.12,49555.54,48577.26,49240.25,977.914332
1617969600000,49232.99,49509.87,48729.44,48970.74,1089.38812
1618012800000,48970.74,50975.0,48778.25,50521.76,1662.652714
1618056000000,50524.29,50698.87,49014.07,50161.53,1355.266364
1618099200000,50175.89,50633.66,49670.0,50105.32,873.759279
1618142400000,50108.68,50499.0,49671.03,50394.44,1011.722543
1618185600000,50389.37,51480.19,49985.0,50634.89,1646.993298
1618228800000,50641.52,50878.38,50141.96,50205.78,1355.218826
1618272000000,50205.78,53127.46,50164.17,52979.58,2236.838941
1618315200000,52979.57,53408.23,52425.5,53177.79,1843.736603
1618358400000,53187.44,54296.81,52762.72,54075.79,2018.727834
1618401600000,54075.79,54165.28,51410.0,52642.53,2508.178918
1618444800000,52635.25,53072.27,51961.63,52196.45,1249.025703
1618488000000,52174.32,53404.9,52172.49,52862.11,1460.813145
1618531200000,52868.95,53194.83,50195.59,50910.88,2140.345714
1618574400000,50910.88,51950.0,50486.0,51350.23,1760.889412
1618617600000,51356.61,52323.16,50878.04,51052.99,983.284392
1618660800000,51049.19,51395.29,50258.0,50594.44,1179.32568
1618704000000,50594.45,50868.53,44816.78,44867.47,3829.573376
1618747200000,44897.61,47728.28,44867.46,47236.8,1972.032354
1618790400000,47226.24,48215.02,46858.35,47649.23,1524.453832
1618833600000,47649.23,47740.88,45424.59,46358.25,2081.118235
1618876800000,46358.26,46900.0,44350.29,46795.35,1786.990368
1618920000000,46792.92,47543.85,45564.0,47015.81,1913.884295
1618963200000,47015.81,47254.98,45324.04,45516.13,1590.770213
1619006400000,45522.08,46937.57,44666.0,44791.57,1701.169229
1619049600000,44791.57,45794.13,43678.78,45583.37,1961.006926
1619092800000,45583.37,46056.69,41900.0,43079.79,3570.040489
1619136000000,43083.52,43399.08,39340.0,41901.49,5214.358603
1619179200000,41899.95,42670.0,40316.24,42426.43,2030.33541
1619222400000,42418.56,42451.47,40574.62,40893.85,1221.93404
1619265600000,40889.37,42425.61,40747.86,41643.39,1022.026189
1619308800000,41643.45,41857.55,40987.15,41213.37,569.923568
1619352000000,41202.61,42075.99,39000.0,40707.41,1853.431344
1619395200000,40722.53,44547.59,40479.99,44485.99,2126.467863
1619438400000,44485.98,45067.49,43627.6,44797.19,1846.660563
1619481600000,44785.82,45793.96,44250.0,45726.91,1197.844041
1619524800000,45727.96,45969.52,45081.81,45601.42,1111.771094
1619568000000,45600.33,46169.96,44682.54,45507.37,1025.496242
1619611200000,45515.83,46557.64,44702.66,45286.29,1484.979949
1619654400000,45275.19,45561.49,44203.71,44866.55,997.754959
1619697600000,44866.54,45028.78,43251.75,44266.84,1513.744012
1619740800000,44262.08,45370.88,43843.14,44967.85,1032.311901
1619784000000,44978.05,48184.05,44934.19,47996.02,1881.656866
1619827200000,47989.33,48649.93,47414.35,48072.02,935.376602
1619870400000,48076.76,48247.99,47456.23,48030.35,826.523421
1619913600000,48037.06,48117.76,46735.04,47605.21,802.822744
1619956800000,47605.26,47750.0,46841.08,47131.56,716.852575
1620000000000,47131.56,49050.0,47085.62,48774.12,1176.356939
1620043200000,48777.95,48867.3,46913.41,47481.97,2213.287094
1620086400000,47492.38,47509.55,45492.79,46786.95,1935.515076
1620129600000,46787.94,46898.55,44288.98,44396.51,2796.718481
1620172800000,44396.38,46507.52,44157.15,45969.91,1518.263242
1620216000000,45970.71,48326.78,45935.39,47800.0,2141.792721
1620259200000,47794.87,48497.96,46975.0,48178.58,1683.367115
1620302400000,48178.58,48248.0,46000.0,46811.31,2129.553303
1620345600000,46808.57,47379.01,45924.0,46899.58,1594.769002
1620388800000,46899.58,48309.3,46738.5,47285.74,2008.09915
1620432000000,47285.85,48950.0,46964.7,48415.0,1380.58064
1620475200000,48418.36,49100.0,47550.74,48525.8,1815.456762
1620518400000,48526.9,48842.31,47428.0,47812.76,1452.837273
1620561600000,47815.85,48125.9,46516.53,47964.22,1455.129833
1620604800000,47971.29,49038.15,47300.0,47949.77,1596.216169
1620648000000,47957.11,48323.22,44290.0,46243.17,3284.09629
1620691200000,46243.13,46706.24,45073.67,45484.66,1886.711649
1620734400000,45474.98,46977.74,45120.21,46825.37,1592.252805
1620777600000,46821.39,47883.77,46254.01,46676.51,1321.371999
1620820800000,46676.51,47137.39,40559.67,41305.48,4048.844824
1620864000000,41281.32,42733.36,38926.52,41333.48,5031.895197
1620907200000,41333.73,42245.53,39111.0,41258.66,4006.10734
1620950400000,41270.93,42216.87,40522.57,41857.81,2134.463513
1620993600000,41857.81,42521.58,40471.66,41172.92,1688.384067
1621036800000,41175.55,41808.09,39394.09,40364.59,1643.134804
1621080000000,40384.24,40835.95,38460.83,38629.16,2267.192931
1621123200000,38629.16,41083.62,38408.0,40485.37,1351.692381
1621166400000,40489.16,40696.71,35734.96,38319.43,4897.905962
1621209600000,38299.31,38467.58,34238.63,37659.4,4737.058307
1621252800000,37659.4,37708.32,34378.67,35882.74,4108.959974
1621296000000,35882.74,37703.5,35576.57,37173.62,2385.227687
1621339200000,37173.62,37192.05,34750.0,35205.32,3756.54264
1621382400000,35212.04,35939.48,27933.47,30669.75,8737.518623
1621425600000,30702.62,33696.54,23741.41,30279.5,12937.227029
1621468800000,30319.47,33664.14,28554.0,33384.67,7006.396059
1621512000000,33384.66,35204.63,31450.0,33359.97,6569.346264
1621555200000,33349.96,34648.69,32232.2,33771.44,4471.112879
1621598400000,33773.42,34325.14,27697.77,30747.21,9743.601948
1621641600000,30739.55,31983.47,29092.28,31470.21,4135.145296
1621684800000,31467.99,32046.21,30579.29,30895.05,3293.203277
1621728000000,30894.96,31537.24,27903.01,29218.48,4609.19245
1621771200000,29214.24,29538.41,25641.05,28573.19,7679.552318
1621814400000,28579.78,31271.62,28347.58,31025.51,4100.60309
1621857600000,31025.53,32850.0,30353.37,31918.73,5690.818252
1621900800000,31918.74,32700.0,29838.7,29878.55,3789.897079
1621944000000,29875.48,31666.0,29800.0,31367.74,3643.714799
1621987200000,31367.74,33421.61,30909.21,32657.55,3129.17725
1622030400000,32655.41,33030.18,31183.52,32280.58,3401.636168
1622073600000,32276.13,32727.27,30616.19,32604.8,2546.240258
1622116800000,32596.13,33170.15,31365.64,31614.95,2125.128319
1622160000000,31620.66,31900.48,28911.68,29113.61,4002.778944
1622203200000,29111.57,30753.41,28533.77,29349.23,4749.555829
1622246400000,29348.9,30677.47,28545.45,29176.15,2545.407901
1622289600000,29169.17,29183.5,27733.33,28510.82,3389.325155
1622332800000,28522.92,29980.0,27538.83,29945.26,1994.050445
1622376000000,29946.93,30049.95,28950.84,29331.47,1407.455787
1622419200000,29330.33,30567.0,28127.3,30238.98,2894.765515
1622462400000,30238.98,30688.38,29808.85,30460.92,2320.742103
1622505600000,30466.19,30984.02,29403.62,29960.62,2087.844587
1622548800000,29973.6,30600.0,29242.0,30043.16,2418.981793
1622592000000,30043.14,30827.33,29400.13,30579.41,1821.553599
1622635200000,30574.37,31334.15,30435.83,30792.11,1743.194172
1622678400000,30793.14,32419.92,30490.61,31875.86,1883.221008
1622721600000,31880.86,32397.43,31611.06,32394.26,1787.819644
1622764800000,32394.26,32425.57,29950.0,30230.97,3294.844216
1622808000000,30233.65,30681.8,29391.04,30331.54,2585.767013
1622851200000,30335.95,31274.95,29493.44,29627.39,2088.841334
1622894400000,29625.41,30076.25,28758.02,29324.32,2649.051133
1622937600000,29323.95,30077.69,29233.7,29588.79,1251.253608
1622980800000,29588.0,30068.23,29035.0,29495.55,1333.794332
1623024000000,29500.01,30315.0,29274.48,29941.05,1382.999872
1623067200000,29941.05,30270.65,27422.0,27631.54,2712.444959
1623110400000,27617.88,28028.7,26453.36,27218.36,3770.521286
1623153600000,27223.9,27871.4,25481.73,27468.94,3552.594091
1623196800000,27483.74,28786.79,26664.25,28728.09,2673.78647
1623240000000,28729.95,30855.0,28415.73,30735.66,4195.619442
1623283200000,30739.1,31600.0,29816.1,31103.12,2812.642157
1623326400000,31097.67,31395.51,29452.75,30170.81,3117.865144
1623369600000,30175.03,31013.3,29559.21,30807.12,2123.821109
1623412800000,30817.59,31003.72,30202.85,30882.86,1937.863175
1623456000000,30871.15,30973.03,28694.73,29511.93,2732.161948
1623499200000,29521.28,30018.38,29243.02,29430.44,1356.298816
1623542400000,29432.35,29916.23,28821.81,29749.67,1334.179986
1623585600000,29747.69,32531.94,29547.93,32179.31,2861.421088
1623628800000,32179.32,32855.0,31992.76,32356.44,1949.035901
1623672000000,32356.44,33885.79,32270.91,33454.62,2829.887633
1623715200000,33465.77,33738.71,32638.96,32930.18,1685.471409
1623758400000,32930.08,34116.39,32644.04,33148.73,2565.348389
1623801600000,33140.68,33413.05,32126.7,32278.14,1637.772333
1623844800000,32283.07,32870.3,31733.24,31995.93,2721.777919
1623888000000,31990.73,33119.16,31879.31,32832.44,1455.914881
1623931200000,32830.01,32895.52,31433.4,32019.75,2527.146307
1623974400000,32022.87,32117.78,31138.66,31785.9,1545.695368
1624017600000,31784.7,31886.77,29637.45,30289.4,3062.720223
1624060800000,30285.05,30684.76,29468.4,30366.5,1798.890176
1624104000000,30369.11,30783.39,29878.77,30011.32,1643.789965
1624147200000,30011.33,30372.66,28566.9,28662.31,2182.265848
1624190400000,28656.01,30503.12,28220.0,29984.39,2751.953556
1624233600000,29988.98,30112.88,26692.57,27381.01,6778.526202
1624276800000,27372.62,27902.47,26250.0,26545.52,4048.904136
1624320000000,26555.78,27927.06,26195.26,26263.59,3269.93424
1624363200000,26264.92,27938.7,24220.0,27232.51,8220.525576
1624406400000,27236.0,28914.91,26584.02,28431.81,3108.540795
1624449600000,28424.51,29159.84,27483.99,28254.88,2411.860712
1624492800000,28256.31,28418.77,27128.28,28364.11,1916.666936
1624536000000,28370.16,29593.5,28273.72,29054.39,2280.619162
1624579200000,29063.06,29736.83,27846.17,27898.65,1993.708234
1624622400000,27900.0,28110.57,26263.17,26513.08,3818.808084
1624665600000,26512.8,27487.71,25372.52,26747.08,3326.570241
1624708800000,26747.07,27142.72,25651.42,27111.8,2566.230193
1624752000000,27114.19,28124.29,26873.89,27928.84,2332.68789
1624795200000,27933.46,29100.0,27185.53,29095.05,2225.531394
1624838400000,29082.09,29581.89,28451.17,28631.17,1980.631325
1624881600000,28635.22,29363.41,28434.26,28923.41,2168.518928
1624924800000,28935.67,30053.43,28715.78,29920.44,2195.700437
1624968000000,29920.0,30782.79,29746.74,30169.5,2383.498005
1625011200000,30172.69,30319.23,28957.89,29335.84,1958.208562
1625054400000,29335.47,29688.12,28727.27,29556.5,2088.040738
1625097600000,29556.5,29565.39,27855.7,28411.63,2128.569538
1625140800000,28405.31,28513.16,27641.26,28292.54,2105.536667
1625184000000,28295.17,28694.27,27631.57,27933.8,1701.887272
1625227200000,27937.31,28576.32,27807.55,28484.38,1547.670148
1625270400000,28482.22,29324.5,28090.36,29186.29,1069.443507
1625313600000,29186.29,29474.23,28890.01,29201.46,950.888022
1625356800000,29195.79,30098.87,28932.38,29880.0,1073.364937
1625400000000,29880.0,30287.06,29639.72,29722.92,963.962245
1625443200000,29722.66,29722.66,28093.0,28143.71,1782.403643
1625486400000,28140.66,28902.72,27952.06,28414.28,1493.401937
1625529600000,28419.53,29646.04,28377.29,28795.55,1476.460624
1625572800000,28794.75,29155.71,28389.7,28950.14,1300.49837
1625616000000,28950.93,29609.49,28718.46,29469.98,1122.975426
1625659200000,29473.14,29659.8,28688.51,28751.47,1078.043803
1625702400000,28747.67,28806.76,27134.03,27638.93,2100.598777
1625745600000,27637.75,28031.6,27301.01,27773.14,1251.637585
1625788800000,27773.13,28171.74,27272.6,27650.65,946.454457
1625832000000,27650.65,28728.29,27535.15,28503.37,894.795927
1625875200000,28505.47,28873.33,28215.8,28505.82,647.798441
1625918400000,28499.17,28828.49,27867.37,28268.54,803.87668
1625961600000,28266.12,28558.62,28112.55,28519.13,482.61798
1626004800000,28522.37,29146.51,28385.54,28857.07,857.168593
1626048000000,28862.65,29219.34,28289.59,28299.74,882.593156
1626091200000,28296.51,28383.28,27584.26,27945.58,1169.669249
1626134400000,27941.83,28207.58,27652.97,27984.52,786.582411
1626177600000,27979.24,28005.84,27398.02,27988.95,1295.42844
1626220800000,27983.21,28059.74,27083.0,27871.85,1249.54798
1626264000000,27874.81,28358.99,27684.34,28172.11,1052.787794
1626307200000,28171.96,28482.91,27200.0,27314.71,1072.691483
1626350400000,27307.32,27514.26,26814.54,27347.44,1451.437478
1626393600000,27347.48,27476.74,26539.64,26614.49,1202.15318
1626436800000,26605.33,27393.14,26567.48,26700.19,1423.072832
1626480000000,26699.29,27347.0,26517.8,26934.29,723.047596
1626523200000,26934.29,27347.24,26868.82,26954.11,608.578174
1626566400000,26954.1,27678.55,26912.93,27260.0,629.845487
1626609600000,27260.0,27310.86,26696.0,27191.82,745.331362
1626652800000,27191.82,27334.49,26585.21,26658.71,877.550313
1626696000000,26658.71,26753.6,26005.17,26440.52,1256.23641
1626739200000,26444.28,26628.2,25165.23,25554.25,1948.065549
1626782400000,25554.26,25888.49,25290.38,25646.44,1297.213257
1626825600000,25652.34,27353.24,25410.46,27258.0,1324.697679
1626868800000,27257.98,28095.14,26926.1,27590.42,1994.506435
1626912000000,27596.94,27800.0,27217.89,27389.95,762.964158
1626955200000,27386.26,27875.94,27230.81,27724.92,879.817242
1626998400000,27724.92,28297.19,27661.34,27786.39,728.763401
1627041600000,27784.55,28837.53,27470.0,28837.53,954.989173
1627084800000,28837.53,29250.0,28605.75,29093.19,910.023997
1627128000000,29096.59,29628.7,28885.0,29386.13,907.466701
1627171200000,29387.87,29873.0,29059.35,29563.68,840.80531
1627214400000,29561.41,30300.0,29096.86,30293.35,1059.373608
1627257600000,30292.48,33720.77,30140.5,32825.36,3523.19437
1627300800000,32825.36,34491.12,31260.58,31686.9,4037.871443
1627344000000,31690.18,32700.0,30988.54,32694.13,1946.075413
1627387200000,32694.84,33733.0,31887.21,33678.96,2638.119033
1627430400000,33674.94,34857.42,33206.56,34736.07,2266.916053
1627473600000,34735.63,34842.47,33235.25,34153.08,2738.120906
1627516800000,34151.37,34612.69,33520.0,33871.39,1479.261598
1627560000000,33872.93,34322.89,33523.73,33996.25,1441.912059
1627603200000,33996.26,34152.64,32569.55,32893.53,1401.183863
1627646400000,32887.74,35798.12,32831.24,35710.6,2030.006837
1627689600000,35710.6,35870.0,34807.98,35302.85,1246.570583
1627732800000,35302.84,35710.77,34922.2,35264.66,1081.970367
1627776000000,35257.65,36134.0,35000.0,35431.87,1041.255948
1627819200000,35430.64,35628.69,33710.0,34030.17,1809.529801
1627862400000,34033.95,34463.64,33504.55,33656.54,1360.737453
1627905600000,33665.0,34061.87,32980.65,33361.78,1437.646093
1627948800000,33361.77,33881.5,32350.0,32745.58,1285.126002
1627992000000,32751.05,32930.63,32105.0,32509.13,1652.64982
1628035200000,32509.14,32816.82,32007.01,32600.91,1076.153661
1628078400000,32600.91,34123.73,32592.24,33925.05,1394.121075
1628121600000,33918.77,34008.59,32377.51,32568.75,1159.560681
1628164800000,32569.27,35285.51,32040.11,34902.23,2453.110041
1628208000000,34899.95,35274.26,34106.0,34760.36,1449.739856
1628251200000,34759.99,37182.77,34583.05,36742.05,2335.042204
1628294400000,36747.57,38041.07,36544.83,37858.39,1497.660471
1628337600000,37858.39,38521.23,36603.44,38415.2,2008.887824
1628380800000,38421.79,39086.24,37716.0,38368.9,1383.00957
1628424000000,38368.9,38973.47,37261.29,37877.86,1723.458017
1628467200000,37855.95,39697.33,36936.0,39589.36,1674.007824
1628510400000,39586.39,40106.01,38779.45,39916.95,1612.565007
1628553600000,39900.85,40266.88,39080.54,39217.62,1088.764251
1628596800000,39216.98,39788.36,38644.66,39398.2,1154.073109
1628640000000,39400.65,40361.24,39200.0,39823.31,1005.772766
1628683200000,39818.27,40500.01,39505.43,39505.43,1097.423589
1628726400000,39505.43,40041.94,38730.16,38842.44,1325.315547
1628769600000,38834.8,39015.6,37903.64,38473.81,1025.291436
1628812800000,38472.82,40220.0,38329.59,39911.06,769.974001
1628856000000,39901.34,41130.45,39606.18,40942.36,1014.524867
1628899200000,40952.21,41339.99,39650.0,40164.8,1016.968385
1628942400000,40165.72,40698.0,39841.88,40391.36,717.259928
1628985600000,40395.25,40576.0,39152.45,39593.5,848.577191
1629028800000,39588.8,40535.39,39247.5,40260.03,802.186196
1629072000000,40263.24,41100.0,40091.68,40747.48,738.081108
1629115200000,40747.48,40906.24,39345.0,39607.08,880.829221
1629158400000,39608.21,40489.99,39070.84,40239.29,693.266239
1629201600000,40253.13,40412.32,38421.05,38735.12,900.027408
1629244800000,38720.65,39449.0,38350.12,38676.01,939.389607
1629288000000,38677.15,39771.33,38473.64,38712.64,806.893932
1629331200000,38714.54,39157.06,38174.79,38321.4,853.159891
1629374400000,38316.02,40333.0,38257.13,40162.69,1134.347113
1629417600000,40167.33,40710.0,40034.9,40278.77,693.924717
1629460800000,40268.12,42208.52,40241.91,42192.75,1162.315796
1629504000000,42193.02,42456.43,41479.14,41714.44,723.257307
1629547200000,41717.99,42735.09,41669.0,42005.0,818.860232
1629590400000,42013.49,42499.0,41807.16,42275.99,426.917273
1629633600000,42276.0,42687.52,41505.0,42425.85,704.827767
1629676800000,42422.74,43244.94,42225.29,43192.85,835.202327
1629720000000,43190.44,43241.88,42180.0,42552.11,736.003665
1629763200000,42548.26,42813.02,42000.01,42504.74,550.231197
1629806400000,42515.05,42523.42,41000.0,41120.89,1324.703218
1629849600000,41112.18,41967.84,40683.88,41129.34,791.31416
1629892800000,41134.52,42411.57,40900.33,42185.6,748.998639
1629936000000,42185.11,42493.68,40220.0,40469.25,1018.945829
1629979200000,40469.05,40955.1,40000.0,40442.87,760.933583
1630022400000,40442.02,41198.67,40035.39,40922.27,702.782952
1630065600000,40920.87,42086.18,40573.61,41945.46,620.697484
1630108800000,41945.47,42098.56,41539.54,41613.91,411.8301
1630152000000,41613.55,41993.96,41354.17,41765.1,439.40988
1630195200000,41769.23,42368.42,40830.01,41282.0,741.455099
1630238400000,41287.62,42314.74,41250.0,41809.08,438.8976
1630281600000,41808.32,41895.82,40912.23,41124.29,654.47457
1630324800000,41131.51,41557.78,40204.75,40337.2,664.50733
1630368000000,40335.38,41022.99,40110.0,40809.08,792.98795
1630411200000,40801.12,41090.39,40065.22,40307.58,804.56007
1630454400000,40307.89,40900.0,39870.95,40858.36,904.668265
1630497600000,40860.07,41726.54,40450.56,41519.96,965.74212
1630540800000,41524.9,42563.34,41342.06,42346.43,1040.373524
1630584000000,42340.06,42550.0,41600.88,41645.45,818.78049
1630627200000,41649.47,42722.06,40905.82,42447.88,935.789879
1630670400000,42447.88,43172.63,42000.5,42406.27,1198.948342
1630713600000,42410.59,42846.08,42015.56,42308.38,796.21451
1630756800000,42307.08,42639.32,41875.0,42384.41,765.70787
1630800000000,42388.74,42750.0,42015.0,42592.97,669.38047
1630843200000,42592.97,43913.04,42450.31,43798.73,888.065878
1630886400000,43798.72,44188.16,43454.31,43530.26,642.710207
1630929600000,43540.44,44798.56,43292.28,44732.29,1117.345354
1630972800000,44719.86,44923.31,42989.2,43316.68,1292.964325
1631016000000,43320.35,43470.33,37252.64,40350.56,3739.50593
1631059200000,40362.42,40743.33,38057.88,39879.1,2192.3946
1631102400000,39879.94,40119.86,39144.67,39420.2,1516.5338
1631145600000,39406.26,39836.79,38918.38,39676.66,1003.78036
1631188800000,39672.38,40569.84,39111.35,39663.97,1390.68993
1631232000000,39663.02,40203.13,38959.24,39466.22,981.98163
1631275200000,39466.22,39587.86,37786.45,38311.95,1235.87951
1631318400000,38305.8,39007.85,38201.56,38887.35,788.91621
1631361600000,38882.02,39240.29,38421.23,38567.83,626.56079
1631404800000,38575.91,39427.26,38224.65,39323.93,767.26373
1631448000000,39323.93,39590.0,38307.99,39253.82,863.34618
1631491200000,39255.84,39471.25,37790.18,38393.55,1356.03544
1631534400000,38397.66,40057.22,37220.4,38351.79,1584.665933
1631577600000,38359.59,39365.79,38100.57,39238.82,740.47885
1631620800000,39238.82,40319.07,39063.0,40207.74,948.27521
1631664000000,40188.01,40594.96,39827.2,40506.39,852.79367
1631707200000,40510.0,41217.95,40295.48,40923.26,846.59742
1631750400000,40921.64,41250.65,40281.93,40777.04,918.16633
1631793600000,40775.01,41079.99,40073.37,40676.57,905.21845
1631836800000,40679.29,41014.87,40264.53,40358.13,659.42647
1631880000000,40358.13,40740.31,39950.42,40395.1,749.45392
1631923200000,40407.96,41704.7,40189.33,41355.03,733.58989
1631966400000,41356.18,41622.07,40865.09,41263.8,583.68533
1632009600000,41261.94,41323.3,40356.0,40477.65,558.41675
1632052800000,40473.28,40888.42,40100.27,40432.04,631.3607
1632096000000,40434.07,40515.38,37222.21,37591.07,1846.09128
1632139200000,37590.77,38056.3,36460.49,36928.25,2384.900846
1632182400000,36927.07,37487.17,34606.33,37201.43,2216.70114
1632225600000,37201.47,37415.93,34000.0,35013.59,2438.242107
1632268800000,35013.58,36770.2,34876.06,35999.58,1442.60282
1632312000000,36007.76,37739.04,35944.84,37513.69,1537.9923
1632355200000,37506.4,38197.14,37110.39,37531.28,1498.71693
1632398400000,37518.65,38574.05,37300.34,38478.17,1416.52845
1632441600000,38476.7,38716.75,34911.4,35642.69,2661.86984
1632484800000,35642.69,37144.25,35089.29,36792.51,1891.91565
1632528000000,36810.01,36928.56,35800.0,36503.02,1274.37745
1632571200000,36510.3,36796.44,36235.86,36665.38,841.86868
1632614400000,36664.27,37597.78,35077.0,37031.74,1691.9919
1632657600000,37035.67,37667.08,36615.78,37030.52,1173.54921
1632700800000,37025.52,38036.35,36832.59,37533.14,913.86404
1632744000000,37535.34,37788.21,36127.81,36177.02,1095.23009
1632787200000,36179.49,36726.32,35686.22,36206.97,1219.09362
1632830400000,36212.98,36619.47,35250.0,35368.22,1401.40044
1632873600000,35365.22,36558.56,35125.06,36471.63,889.48641
1632916800000,36471.61,36631.67,35379.37,35919.88,976.87833
1632960000000,35919.48,37880.85,35823.86,37216.94,1145.18909
1633003200000,37220.98,38150.0,37029.27,37895.64,1271.83464
1633046400000,37898.99,41290.49,37439.17,41018.3,1818.46672
1633089600000,41021.4,41784.72,40295.29,41496.51,1670.221481
1633132800000,41509.16,41572.52,40912.93,41109.51,598.74137
1633176000000,41114.93,41636.0,40900.0,40942.41,758.82653
1633219200000,40963.47,41399.58,40485.36,41252.85,646.58744
1633262400000,41256.95,42345.81,40955.11,41420.67,786.54584
1633305600000,41420.62,41479.16,40644.13,40884.22,698.105
1633348800000,40887.84,42506.32,40384.17,42304.47,1290.13975
1633392000000,42307.16,43356.8,42162.3,42958.84,893.83333
1633435200000,42952.25,44670.86,42760.32,44143.2,1051.18406
1633478400000,44154.21,44482.78,43384.0,44313.56,1112.33426
1633521600000,44311.42,47790.11,44282.82,47454.52,1750.302805
1633564800000,47455.22,47469.68,46194.08,46602.13,1147.99462
1633608000000,46596.49,46940.06,45765.62,46113.01,1348.71512
1633651200000,46113.01,48035.42,45975.61,47379.15,1038.907229
1633694400000,47380.95,47433.02,46178.06,46329.72,1394.59722
1633737600000,46328.59,47500.0,46084.87,47046.02,718.69541
1633780800000,47050.35,47650.0,46744.94,47283.35,553.86139
1633824000000,47283.35,48271.33,46592.43,47529.02,917.990033
1633867200000,47524.47,48806.18,47050.76,47321.16,927.546176
1633910400000,47309.11,49366.09,47118.56,48818.71,1003.171107
1633953600000,48823.63,50073.84,48589.25,49822.04,1067.057078
1633996800000,49822.03,50020.72,48931.3,49673.72,917.7938
1634040000000,49669.85,49870.98,46800.0,48695.75,1338.66211
1634083200000,48672.96,49179.58,47163.39,47948.43,909.68606
1634126400000,47947.28,49843.76,47325.99,49469.32,975.98242
1634169600000,49465.73,50425.27,49250.01,49653.07,697.415006
1634212800000,49653.28,50003.48,48932.21,49416.55,717.82528
1634256000000,49418.96,51534.91,49005.49,51159.0,1196.651371
1634299200000,51158.99,54100.0,50940.0,53062.75,1964.034755
1634342400000,53052.99,53646.72,52585.51,53000.0,928.52049
1634385600000,53000.01,53000.01,51734.45,52368.45,935.20624
1634428800000,52367.26,52863.25,51880.04,52440.97,598.3813
1634472000000,52439.93,53170.38,50835.0,53003.85,1136.52301
1634515200000,53008.09,54056.75,52298.46,52557.14,1139.59737
1634558400000,52555.12,53832.57,51696.2,53537.36,1167.77776
1634601600000,53540.02,54248.99,53094.08,53401.81,744.687674
1634644800000,53400.01,55434.68,52790.0,55270.64,1574.061325
1634688000000,55272.69,55330.79,54588.98,54878.94,592.95835
1634731200000,54876.65,57540.07,54861.28,56328.76,1580.443239
1634774400000,56323.24,57087.49,54625.46,55516.85,1442.28659
1634817600000,55512.42,56241.33,53018.92,53469.78,1797.49491
1634860800000,53462.62,54786.1,53424.18,54480.39,718.58958
1634904000000,54480.41,54783.39,51663.34,52305.84,1184.9847
1634947200000,52301.38,53144.09,51450.0,53035.11,673.79345
1634990400000,53040.45,53195.94,52349.85,52808.06,610.75995
1635033600000,52808.06,52975.32,51900.0,51994.67,680.72506
1635076800000,51994.66,52870.0,51309.38,52445.33,1117.01832
1635120000000,52435.99,54453.2,52263.55,54114.99,752.09943
1635163200000,54115.1,54947.92,53926.66,54400.55,787.38121
1635206400000,54400.77,54570.83,53641.96,54152.82,534.47391
1635249600000,54154.46,54262.33,51750.24,52165.44,1248.01295
1635292800000,52175.65,53157.89,50264.99,50743.35,1906.05484
1635336000000,50738.3,51577.97,50355.92,50562.71,1631.96767
1635379200000,50566.23,53000.0,50300.0,52712.38,1216.67249
1635422400000,52712.99,53595.0,49670.16,51960.07,1686.45911
1635465600000,51945.9,53095.71,51640.25,52398.82,913.75177
1635508800000,52397.42,54300.0,52203.04,53771.28,1144.43291
1635552000000,53771.28,53851.48,52817.03,53370.93,588.89929
1635595200000,53370.0,54044.72,52760.42,53684.45,810.74944
1635638400000,53674.39,54139.05,52331.45,52477.09,828.09447
1635681600000,52480.31,53513.78,52052.06,53226.59,753.36564
1635724800000,53228.92,54227.09,51650.0,53694.66,1077.48899
1635768000000,53695.04,54009.2,52333.61,52770.44,820.45865
1635811200000,52767.68,55000.0,52542.0,54339.06,832.77651
1635854400000,54341.78,55500.0,54123.41,54651.83,881.80315
1635897600000,54640.27,54867.11,54196.78,54521.34,534.72322
1635940800000,54520.84,54675.7,52355.0,54248.77,1203.47086
1635984000000,54241.26,54426.97,52986.01,53155.73,714.79538
1636027200000,53157.33,53893.21,52602.51,53222.24,1060.42981
1636070400000,53218.73,54288.53,52747.77,53221.98,600.96524
1636113600000,53214.72,53800.0,52808.1,53057.65,849.13365
1636156800000,53052.68,53533.09,52384.53,52581.27,877.70596
1636200000000,52579.72,53520.71,52338.83,53427.94,728.07435
1636243200000,53423.01,54178.0,53318.23,53838.56,684.38032
1636286400000,53846.92,55067.39,53698.22,55061.3,833.74958
1636329600000,55061.31,57653.17,55061.31,57257.99,1372.72243
1636372800000,57256.99,58543.99,56436.67,58301.0,1046.376557
1636416000000,58300.99,59165.45,57932.15,58484.08,986.678968
1636459200000,58488.0,58898.7,57281.1,57938.47,1032.12079
1636502400000,57944.01,58300.0,57361.27,57752.18,706.7556
1636545600000,57751.0,59744.44,55003.43,56700.0,2505.931175
1636588800000,56697.79,57408.03,55975.76,57142.91,828.49887
1636632000000,57142.77,57374.19,56477.88,56892.1,808.52569
1636675200000,56890.08,57419.68,55733.34,55942.08,1079.77592
1636718400000,55946.93,56587.12,54625.26,56274.32,1344.12076
1636761600000,56267.86,56539.5,55612.88,55781.28,558.22489
1636804800000,55781.27,57095.29,55671.87,56576.66,994.5683
1636848000000,56574.99,57398.37,56317.08,56616.8,780.25243
1636891200000,56616.8,57587.65,55907.45,57587.65,1310.0215
1636934400000,57587.64,58131.97,57071.25,57482.62,705.37827
1636977600000,57491.17,57654.76,55896.14,56076.24,1091.78762
1637020800000,56078.33,56080.61,51721.01,53492.43,2717.59403
1637064000000,53489.63,54390.39,52378.8,53248.24,1197.6635
1637107200000,53220.85,53849.99,51667.27,53800.0,1828.69467
1637150400000,53808.59,53842.54,52541.57,53473.12,837.33389
1637193600000,53477.88,53988.0,52128.99,52200.2,952.44627
1637236800000,52266.73,52850.0,49782.59,50094.59,2104.18749
1637280000000,50098.39,50818.71,48990.0,50488.52,1496.60962
1637323200000,50495.24,51638.45,50355.79,51535.38,1144.62905
1637366400000,51537.14,52358.0,51432.31,52173.86,612.24409
1637409600000,52173.86,53233.84,51071.79,53108.86,1026.0793
1637452800000,53117.39,53159.19,52037.03,52206.8,529.67509
1637496000000,52203.89,53401.18,52002.34,52074.81,846.88985
1637539200000,52086.86,52186.52,50449.1,50756.93,864.74654
1637582400000,50765.89,52700.01,49552.98,50106.71,1448.93026
1637625600000,50100.0,51352.75,49207.0,49932.36,1068.30247
1637668800000,49933.83,51450.0,49884.46,51172.52,836.57423
1637712000000,51176.74,51330.8,49950.01,50530.69,642.79992
1637755200000,50536.65,51377.74,49912.9,51074.89,1020.6549
1637798400000,51074.47,52164.03,50858.06,51718.4,701.77526
1637841600000,51710.65,52939.48,51576.36,52598.85,883.85349
1637884800000,52612.72,52782.72,47620.0,47652.17,2078.72664
1637928000000,47652.17,48680.16,47474.33,47674.87,1249.0643
1637971200000,47672.64,49050.0,47552.64,48576.14,682.78531
1638014400000,48581.61,49054.58,48000.0,48626.2,609.28766
1638057600000,48603.44,48711.59,47704.46,48323.09,578.20444
1638100800000,48328.8,50988.24,47253.1,50843.04,977.38967
1638144000000,50843.91,51683.73,50306.8,50462.82,838.96092
1638187200000,50457.85,52319.95,50410.11,51205.08,1035.70564
1638230400000,51200.07,51377.73,49480.32,50780.38,1151.13795
1638273600000,50780.65,51951.14,49967.55,50251.02,1672.23284
1638316800000,50297.8,51059.22,50030.04,50512.9,834.38468
1638360000000,50512.89,52135.14,50000.0,50562.85,1367.78129
1638403200000,50564.04,50720.99,49311.54,49720.07,1058.38592
1638446400000,49716.29,50680.66,49481.16,50037.85,1106.15633
1638489600000,50037.79,50808.97,49702.01,50431.38,791.3031
1638532800000,50422.09,50981.5,45934.0,47513.61,2201.75461
1638576000000,47507.74,47737.56,38444.0,41513.82,4479.86286
1638619200000,41504.19,44223.43,41504.19,43942.51,1946.88253
1638662400000,43939.26,44390.82,43229.46,43822.53,1327.24222
1638705600000,43825.26,44199.93,42450.37,43775.03,1606.99393
1638748800000,43779.3,43894.33,41816.29,43042.05,1916.81783
1638792000000,43049.09,45171.13,42423.13,44783.91,1493.67787
1638835200000,44778.84,45813.0,44709.56,45772.06,819.37334
1638878400000,45770.18,46213.44,44451.44,44930.02,998.43393
1638921600000,44941.61,45109.83,43309.91,43654.58,793.09089
1638964800000,43663.11,45304.99,43166.37,44550.17,1046.72679
1639008000000,44558.41,44842.33,43288.0,43496.99,871.52356
1639051200000,43490.0,43894.0,41964.7,42144.21,1214.74925
1639094400000,42140.12,43258.37,42061.67,43235.8,917.50073
1639137600000,43251.28,44448.46,41540.6,41805.66,1698.03794
1639180800000,41781.82,43345.16,41431.33,42777.07,1010.263
1639224000000,42784.5,43875.44,42701.35,43782.75,695.93042
1639267200000,43799.99,44047.57,43158.43,43570.23,594.55941
1639310400000,43566.25,44947.13,43550.88,44311.87,934.99328
1639353600000,44309.88,44421.22,42748.0,43370.58,855.42358
1639396800000,43370.87,43508.56,40567.09,41440.43,2148.68373
1639440000000,41465.35,42200.0,41101.06,42110.96,1131.21461
1639483200000,42113.89,43259.76,41275.04,42997.17,1163.15434
1639526400000,42991.66,43342.24,42506.33,42729.55,742.13346
1639569600000,42729.5,43845.27,41384.67,43253.95,1867.66231
1639612800000,43263.51,43800.0,42955.94,43598.22,705.01566
1639656000000,43600.64,43612.92,41957.95,42051.07,958.84385
1639699200000,42061.31,42379.99,41300.0,41640.76,793.51993
1639742400000,41636.39,42095.04,40282.16,41049.14,1373.39155
1639785600000,41050.42,42144.42,40509.0,41931.5,777.52767
1639828800000,41931.5,42050.4,41279.11,41702.15,545.79413
1639872000000,41707.86,42808.86,41355.1,42000.48,619.48094
1639915200000,42002.55,42972.89,41369.17,41517.04,882.3689
